-- phpMyAdmin SQL Dump
-- version 5.1.1
-- https://www.phpmyadmin.net/
--
-- Servidor: 127.0.0.1
-- Tiempo de generación: 23-08-2022 a las 23:43:25
-- Versión del servidor: 10.4.20-MariaDB
-- Versión de PHP: 8.0.8

SET SQL_MODE = "NO_AUTO_VALUE_ON_ZERO";
START TRANSACTION;
SET time_zone = "+00:00";


/*!40101 SET @OLD_CHARACTER_SET_CLIENT=@@CHARACTER_SET_CLIENT */;
/*!40101 SET @OLD_CHARACTER_SET_RESULTS=@@CHARACTER_SET_RESULTS */;
/*!40101 SET @OLD_COLLATION_CONNECTION=@@COLLATION_CONNECTION */;
/*!40101 SET NAMES utf8mb4 */;

--
-- Base de datos: `proyectodb`
--

-- --------------------------------------------------------

--
-- Estructura de tabla para la tabla `categoria`
--

CREATE TABLE `categoria` (
  `ID` int(11) NOT NULL,
  `Nombre` varchar(20) NOT NULL,
  `Descripcion` varchar(700) NOT NULL
) ENGINE=InnoDB DEFAULT CHARSET=utf8;

--
-- Volcado de datos para la tabla `categoria`
--

INSERT INTO `categoria` (`ID`, `Nombre`, `Descripcion`) VALUES
(1, 'Ciencia Ficción', 'BLA BLA BLA'),
(2, 'Fantasia', 'BLA BLA BLA'),
(3, 'Romance', 'BLA BLA BLA'),
(4, 'Comedia', 'BLA BLA BLA'),
(5, 'No Ficcion', 'BLA BLA BLA'),
(6, 'Horror', 'BLA BLA BLA'),
(7, 'Arte', 'BLA BLA BLA'),
(8, 'Misterio', 'BLA BLA BLA');

-- --------------------------------------------------------

--
-- Estructura de tabla para la tabla `categorialibro`
--

CREATE TABLE `categorialibro` (
  `ID` int(11) NOT NULL,
  `IDCategoria` int(11) NOT NULL,
  `IDLibro` int(11) NOT NULL
) ENGINE=InnoDB DEFAULT CHARSET=utf8;

--
-- Volcado de datos para la tabla `categorialibro`
--

INSERT INTO `categorialibro` (`ID`, `IDCategoria`, `IDLibro`) VALUES
(2, 2, 53),
(3, 2, 1),
(4, 2, 2),
(5, 2, 43),
(6, 2, 44),
(7, 2, 45),
(8, 2, 46),
(9, 2, 47),
(10, 2, 48),
(11, 2, 49),
(12, 2, 50),
(13, 2, 51),
(14, 2, 52),
(15, 2, 54),
(16, 2, 55),
(17, 2, 56),
(18, 2, 57),
(19, 2, 58),
(20, 2, 59),
(21, 2, 60),
(22, 3, 61),
(23, 3, 62),
(24, 3, 63),
(25, 3, 64),
(26, 3, 65),
(27, 3, 66),
(28, 3, 67),
(29, 3, 68),
(30, 3, 69),
(31, 3, 70),
(32, 3, 71),
(33, 3, 72),
(34, 3, 73),
(35, 3, 74),
(36, 3, 75),
(37, 3, 76),
(38, 3, 77),
(39, 3, 78),
(40, 3, 80),
(41, 6, 81),
(42, 6, 82),
(43, 6, 83),
(44, 6, 84),
(45, 6, 85),
(46, 6, 86),
(47, 6, 87),
(48, 6, 88),
(49, 6, 89),
(50, 6, 90),
(51, 6, 91),
(52, 6, 92),
(53, 6, 93),
(54, 6, 94),
(55, 6, 95),
(56, 6, 96),
(57, 6, 97),
(58, 6, 98),
(59, 6, 99),
(60, 6, 100),
(61, 4, 101),
(62, 4, 102),
(63, 4, 103),
(64, 4, 104),
(65, 4, 105),
(66, 4, 106),
(67, 4, 107),
(68, 4, 108),
(69, 4, 109),
(70, 4, 110),
(71, 4, 111),
(72, 4, 112),
(73, 4, 113),
(74, 4, 114),
(75, 4, 115),
(76, 4, 116),
(77, 4, 117),
(78, 4, 118),
(79, 4, 119),
(80, 4, 120),
(81, 1, 121),
(82, 1, 122),
(83, 1, 123),
(84, 1, 124),
(85, 1, 125),
(86, 1, 126),
(87, 1, 127),
(88, 1, 128),
(89, 1, 129),
(90, 1, 130),
(91, 1, 131),
(92, 1, 132),
(93, 1, 133),
(94, 1, 134),
(95, 1, 135),
(96, 1, 136),
(97, 1, 137),
(98, 1, 138),
(99, 1, 139),
(100, 1, 140),
(101, 5, 141),
(102, 5, 142),
(103, 5, 143),
(104, 5, 144),
(105, 5, 145),
(106, 5, 146),
(107, 5, 147),
(108, 5, 148),
(109, 5, 149),
(110, 5, 150),
(111, 5, 151),
(112, 5, 152),
(113, 5, 153),
(114, 5, 154),
(115, 5, 155),
(116, 5, 156),
(117, 5, 157),
(118, 5, 158),
(119, 5, 159),
(120, 5, 160);

-- --------------------------------------------------------

--
-- Estructura de tabla para la tabla `categoriausuario`
--

CREATE TABLE `categoriausuario` (
  `ID` int(11) NOT NULL,
  `IDCategoria` int(11) NOT NULL,
  `IDUsuario` int(11) NOT NULL
) ENGINE=InnoDB DEFAULT CHARSET=utf8;

--
-- Volcado de datos para la tabla `categoriausuario`
--

INSERT INTO `categoriausuario` (`ID`, `IDCategoria`, `IDUsuario`) VALUES
(2, 1, 1),
(564, 1, 25),
(1, 2, 1),
(558, 2, 22),
(560, 2, 23),
(561, 2, 24),
(565, 2, 25),
(555, 3, 20),
(557, 3, 21),
(559, 3, 22),
(566, 3, 25),
(562, 4, 24),
(567, 4, 25),
(568, 5, 25),
(553, 6, 19),
(563, 6, 24),
(569, 6, 25),
(556, 7, 20),
(570, 7, 25),
(554, 8, 19),
(571, 8, 25);

-- --------------------------------------------------------

--
-- Estructura de tabla para la tabla `comentario`
--

CREATE TABLE `comentario` (
  `ID` int(11) NOT NULL,
  `IDUsuario` int(11) NOT NULL,
  `IDLibro` int(11) NOT NULL,
  `Contenido` varchar(300) NOT NULL,
  `Fecha` varchar(12) NOT NULL
) ENGINE=InnoDB DEFAULT CHARSET=utf8;

--
-- Volcado de datos para la tabla `comentario`
--

INSERT INTO `comentario` (`ID`, `IDUsuario`, `IDLibro`, `Contenido`, `Fecha`) VALUES
(1, 1, 1, 'Hola', '2022/07/04'),
(2, 1, 1, 'Prueba 2', '2022/07/04'),
(3, 1, 1, 'Prueba 3', '2022/07/04'),
(4, 1, 1, 'Prueba 4', '2022/07/04'),
(5, 1, 43, 'Buenas', '2022/07/05'),
(6, 1, 43, '', '2022/07/05'),
(7, 1, 43, 'Hola', '2022/07/05'),
(8, 1, 43, 'EAAAAAA', '2022/07/05'),
(9, 22, 1, 'Hola', '2022/07/05'),
(10, 1, 139, 'HERMOSO LIBRO', '2022/08/02'),
(11, 1, 1, 'HOLAAAAA', '2022/08/03'),
(12, 25, 1, 'BUENISIMO', '2022/08/23');

-- --------------------------------------------------------

--
-- Estructura de tabla para la tabla `libro`
--

CREATE TABLE `libro` (
  `ID` int(11) NOT NULL,
  `Titulo` varchar(50) NOT NULL,
  `Autor` varchar(50) NOT NULL,
  `Descripcion` varchar(1500) NOT NULL,
  `img` varchar(50) NOT NULL,
  `Precio` float NOT NULL
) ENGINE=InnoDB DEFAULT CHARSET=utf8;

--
-- Volcado de datos para la tabla `libro`
--

INSERT INTO `libro` (`ID`, `Titulo`, `Autor`, `Descripcion`, `img`, `Precio`) VALUES
(1, 'El Imperio Final', 'Brandon Sanderson', 'Durante mil años la ceniza cayó y no floreció ninguna flor. Durante mil años los Skaa se esclavizaron en la miseria y vivieron con miedo. Durante mil años, el Lord Legislador, la \"Astilla del Infinito\", reinó con poder absoluto y terror definitivo, divinamente invencible. Entonces, cuando la esperanza estaba tan perdida que ni siquiera quedaba su recuerdo, un medio Skaa terriblemente marcado y con el corazón roto la redescubrió en las profundidades de la prisión más infernal del Señor Gobernante. Kelsier \"rompió\" y encontró en sí mismo los poderes de un Mistborn. Ladrón brillante y líder natural, volcó su talento en la última travesura, con el propio Lord Gobernante como objetivo.', 'Elimperiofinal.jpg', 16),
(2, 'El Nombre Del Viento', 'Patrick Rothfuss', 'Contada con la propia voz de Kvothe, esta es la historia del joven con dotes mágicas que se convierte en el mago más famoso que su mundo haya visto jamás.\r\nLa narración íntima de su infancia en una compañía de jugadores ambulantes, los años que pasó como huérfano casi salvaje en una ciudad plagada de delincuencia, su atrevido y exitoso intento de entrar en una legendaria escuela de magia y su vida como fugitivo tras el asesinato de un rey forman una apasionante historia de madurez sin parangón en la literatura reciente.', 'Elnombredelviento.jpg', 26),
(43, 'Harry Potter y la Piedra Filosofal', ' J.K. Rowling', 'La vida de Harry Potter es miserable. Sus padres han muerto y está atrapado con sus despiadados parientes, que le obligan a vivir en un pequeño armario bajo la escalera. Pero su suerte cambia cuando recibe una carta que le dice la verdad sobre sí mismo: es un mago. Un misterioso visitante lo rescata de sus parientes y lo lleva a su nuevo hogar, el Colegio Hogwarts de Magia y Hechicería.\r\nDespués de toda una vida reprimiendo sus poderes mágicos, Harry por fin se siente un niño normal. Pero incluso dentro de la comunidad de magos, él es especial. Es el niño que vivió: la única persona que ha sobrevivido a una maldición asesina infligida por el malvado Lord Voldemort, que lanzó una brutal toma ', 'HarryPotterylaPiedraFilosofal.jpg', 22),
(44, 'El Camino de los Reyes', 'Brandon Sanderson', 'Roshar es un mundo de piedra y tormentas. Las tormentas de increíble poder barren el terreno rocoso con tanta frecuencia que han moldeado la ecología y la civilización por igual. Los animales se esconden en caparazones, los árboles se retraen en las ramas y la hierba se retrae en el suelo sin tierra. Las ciudades se construyen sólo donde la topografía ofrece refugio.\r\n\r\nHan pasado siglos desde la caída de las diez órdenes consagradas conocidas como los Caballeros Radiantes, pero sus Esquirlas permanecen: espadas místicas y trajes de armadura que transforman a los hombres ordinarios en guerreros casi invencibles. Los hombres cambian reinos por Esquirlas. Las guerras se libraron por ellos y se', 'ElCaminodelosReyes.jpg', 20),
(45, 'La Brújula Dorada', 'Philip Pullman', 'Lyra se precipita al frío y lejano Norte, donde gobiernan los clanes de brujas y los osos acorazados. El Norte, donde los Devoradores se llevan a los niños que roban, incluido su amigo Roger. El Norte, donde su temible tío Asriel está intentando construir un puente hacia un mundo paralelo.\r\n¿Puede una pequeña niña marcar la diferencia en tan grandes y terribles esfuerzos? Ella es Lyra: una salvaje, una intrigante, una mentirosa, y una campeona tan feroz y verdadera como Roger o Asriel podrían desear pero lo que Lyra no sabe es que ayudar a uno de ellos será traicionar al otro.', 'LaBrujulaDorada.jpg', 14),
(46, 'El Ojo Del Mundo', 'Robert Jordan', 'La Rueda del Tiempo gira y las Edades van y vienen, dejando recuerdos que se convierten en leyenda. La leyenda se desvanece y se convierte en mito, e incluso el mito se olvida hace tiempo cuando la Era que lo originó regresa de nuevo. En la Tercera Edad, la Edad de la Profecía, el mundo y el propio tiempo penden de un hilo. Lo que fue, lo que será y lo que es, aún puede caer bajo la Sombra.\r\nCuando Los Dos Ríos es atacado por los Trollocs una tribu salvaje de mitad hombres, mitad bestias cinco aldeanos huyen esa noche a un mundo que apenas imaginaban, con nuevos peligros esperando en las sombras y en la luz.', 'ElOjoDelMundo.jpg', 12),
(47, 'Sabriel', 'Garth Nix', 'Enviada a un internado en Ancelstierre cuando era pequeña, Sabriel ha tenido poca experiencia con el poder aleatorio de la Magia Libre o con los Muertos que se niegan a permanecer muertos en el Viejo Reino. Pero durante su último semestre, su padre, el Abhorsen, desaparece, y Sabriel sabe que debe entrar en el Viejo Reino para encontrarlo.', 'Sabriel.jpg', 8),
(48, 'El Aliento de los Dioses', 'Brandon Sanderson', 'Es la historia de dos hermanas, que resultan ser princesas, el rey dios con el que una de ellas tiene que casarse, el dios menor al que no le gusta su trabajo y el inmortal que aún intenta deshacer los errores que cometió hace cientos de años.\r\nSu mundo es uno en el que los que mueren en la gloria regresan como dioses para vivir confinados en un panteón en la capital de Hallandren y en el que un poder conocido como magia biocromática se basa en una esencia conocida como aliento que sólo puede recogerse una unidad cada vez de personas individuales.', 'Elalientodelosdioses.jpg', 22),
(49, 'Eragon', 'Christopher Paolini', 'Cuando Eragon encuentra una piedra azul pulida en el bosque, piensa que es el descubrimiento afortunado de un pobre granjero; tal vez le sirva para comprar carne a su familia para el invierno. Pero cuando la piedra trae una cría de dragón, Eragon pronto se da cuenta de que ha tropezado con un legado casi tan antiguo como el propio Imperio.\r\nDe la noche a la mañana, su sencilla vida se ve destrozada y se ve empujado a un nuevo y peligroso mundo de destino, magia y poder. Con tan sólo una antigua espada y el consejo de un viejo narrador como guía, Eragon y el incipiente dragón deberán sortear el peligroso terreno y los oscuros enemigos de un Imperio gobernado por un rey cuya maldad no tiene lí', 'Eragon.jpg', 9),
(50, 'El Prisma Negro', 'Brent Weeks', 'Guile es el Prisma, el hombre más poderoso del mundo. Es sumo sacerdote y emperador, un hombre cuyo poder, ingenio y encanto son todo lo que preserva una tenue paz. Sin embargo, los Prismas nunca duran, y Guile sabe exactamente cuánto tiempo le queda de vida.\r\nCuando Guile descubre que tiene un hijo, nacido en un reino lejano después de la guerra que lo puso en el poder, debe decidir cuánto está dispuesto a pagar para proteger un secreto que podría destrozar su mundo.', 'ElPrismaNegro.jpg', 8),
(51, 'Confianza', 'Hernán Díaz', 'Incluso a través del rugido y la efervescencia de la década de 1920, todos en Nueva York han oído hablar de Benjamin y Helen Rask. Es un legendario magnate de Wall Street; es la brillante hija de excéntricos aristócratas. Juntos, han llegado a la cima de un mundo de riqueza aparentemente interminable. Pero los secretos en torno a su riqueza y grandeza incitan a los chismes. Los rumores sobre las maniobras financieras de Benjamin y la reclusión de Helen comienzan a extenderse, todo a medida que una década de excesos y especulaciones llega a su fin. ¿A qué costo han adquirido su inmensa fortuna?', 'Confianza.jpg', 6),
(52, 'Un desgarro a través del tiempo', 'Kelley Armstrong', 'Cuando Mallory se despierta en el cuerpo de Catriona en 1869, debe dejar de lado su conmoción y adaptarse rápidamente a la realidad: la vida como empleada doméstica de un enterrador en la Escocia victoriana. Pronto descubre que su jefe, el Dr. Gray, también trabaja como médico forense y acaba de asumir un caso intrigante, el estrangulamiento de un joven, similar al ataque contra ella misma. Su única esperanza es que atrapar al asesino pueda llevarla de vuelta a su vida moderna. antes de que sea demasiado tarde.', 'UnDesgarroatravesdelTiempo.jpg', 16),
(53, 'El Lobo y El Leñador', 'Ava Reid', 'En su aldea pagana cubierta de bosque, Évike es la única mujer sin poder, lo que la convierte en una marginada claramente abandonada por los dioses. Los aldeanos culpan a su línea de sangre corrupta: su padre era un hombre Yehuli, uno de los sirvientes muy odiados del rey fanático. Cuando los soldados llegan de la Sagrada Orden de los Leñadores para reclamar a una niña pagana por el sacrificio de sangre del rey, Évike es traicionada por sus compañeros aldeanos y se rinde.\r\n\r\nPero cuando los monstruos atacan a los Leñadores y a su cautivo en el camino, matando a todos menos a Évike y al frío y tuerto capitán, no tienen más remedio que confiar el uno en el otro. Excepto que no es un leñador ordinario: es el príncipe caído en desgracia, Gáspár Bárány, cuyo padre necesita magia pagana para consolidar su poder. Gáspár teme que su hermano cruelmente celoso planee tomar el trono e instigar un reinado violento que condenaría a los paganos y a los yehuli por igual. Como hijo de una reina extranjera vilipendiada, Gáspár entiende lo que es ser un paria, y él y Évike hacen un pacto tenue para detener a su hermano.', 'LoboLeñador.jpg', 9),
(54, 'Enebro y Espina', 'Ava Reid', 'Una maldición espantosa. Una ciudad en agitación. Un monstruo con apetitos insaciables.\r\n\r\nMarlinchen y sus dos hermanas viven con su padre mago en una ciudad que pasa de la magia a la industria. Como las últimas brujas verdaderas de Oblya, ella y sus hermanas son poco más que una trampa para turistas, ya que tratan a sus clientes con remedios arcaicos y los engañan con un encanto nostálgico. Marlinchen pasa sus días adivinando secretos a cambio de rublos y tratando de aplacar a su padre tiránico y xenófobo, que mantiene a sus hijas secuestradas del mundo exterior. Pero por la noche, Marlinchen y sus hermanas se escabullen para disfrutar de las comodidades de la ciudad y deleitarse con sus emociones, particularmente el teatro de ballet recientemente establecido, donde Marlinchen conoce a una bailarina que rápidamente captura su corazón.', 'EnebroyEspina.jpg', 12),
(55, 'El Ladrón del Rayo', 'Rick Riordan', 'Percy Jackson es un buen niño, pero parece que no puede concentrarse en sus tareas escolares o controlar su temperamento. Y últimamente, estar fuera en el internado solo está empeorando: Percy podría haber jurado que su maestro de pre-álgebra se convirtió en un monstruo e intentó matarlo. Cuando la madre de Percy se entera, sabe que es hora de que él sepa la verdad sobre de dónde viene, y que vaya al único lugar donde estará a salvo. Ella envía a Percy al Campamento Half Blood, un campamento de verano para semidioses (en Long Island), donde se entera de que el padre que nunca conoció es Poseidón, Dios del Mar. Pronto se desarrolla un misterio y junto con sus amigos, uno un sátiro y el otro la hija semidiós de Atenea, Percy emprende una búsqueda a través de los Estados Unidos para llegar a las puertas del Inframundo (ubicado en un estudio de grabación en Hollywood) y evitar una guerra catastrófica entre los dioses.', 'ElLadronDelRayo.jpg', 16),
(56, 'Bajo la Puerta Susurrante', 'T.J. Klune', 'Cuando un segador viene a recoger a Wallace de su propio funeral, Wallace comienza a sospechar que podría estar muerto.\r\nY cuando Hugo, el dueño de una peculiar tienda de té, promete ayudarlo a cruzar, Wallace decide que definitivamente está muerto.\r\nPero incluso en la muerte no está listo para abandonar la vida que apenas vivió, por lo que cuando a Wallace se le da una semana para cruzar, se dispone a vivir toda una vida en siete días.\r\nHilarante, inquietante y amable, Under the Whispering Door es una historia edificante sobre una vida pasada en la oficina y una muerte en la construcción de una casa.', 'BajoLaPuertaSusurrante.jpg', 8),
(57, 'Un maestro de Djinn', 'P. Djèlí Clark', 'Aunque Fatma el-Shaarawi es la mujer más joven que trabaja para el Ministerio de Alquimia, Encantamientos y Entidades Sobrenaturales, ciertamente no es una novata, especialmente después de evitar la destrucción del universo el verano pasado.\r\nEntonces, cuando alguien asesina a una hermandad secreta dedicada a uno de los hombres más famosos de la historia, al-Jahiz, el agente Fatma es llamado al caso. Al-Jahiz transformó el mundo hace 50 años cuando abrió el velo entre los reinos mágico y mundano, antes de desaparecer en lo desconocido. Este asesino dice ser al-Jahiz, volvió a condenar a la era moderna por sus opresiones sociales. Sus peligrosas habilidades mágicas instigan disturbios en las calles de El Cairo que amenazan con extenderse al escenario global.\r\nJunto a sus colegas del Ministerio y su inteligente novia Siti, la Agente Fatma debe desentrañar el misterio detrás de este impostor para restaurar la paz en la ciudad, o enfrentar la posibilidad de que pueda ser exactamente quien parece. ', 'UnMaestrodeDjinn.jpg', 10),
(58, 'El Irrompible', 'C.L. Clark', 'Touraine es un soldado. Robada cuando era niña y criada para matar y morir por el imperio, su única lealtad es a sus compañeros reclutas. Pero ahora, su compañía ha sido enviada de regreso a su tierra natal para detener una rebelión, y los lazos de sangre pueden ser más fuertes de lo que pensaba.\r\nLuca necesita un renegado. Alguien lo suficientemente desesperado como para pasar de puntillas por el borde de la bayoneta entre la traición y las órdenes. Alguien que puede influir en los rebeldes hacia la paz, mientras que Luca se centra en lo que realmente importa: sacar a su tío de su trono.\r\nA través de asesinatos y masacres, en dormitorios y salas de guerra, Touraine y Luca regatearán sobre el precio de una nación. Pero algunas cosas no están a la venta.', 'ElIrrompible.jpg', 8),
(59, 'La que se convirtió en el Sol', 'Shelley Parker-Chan', 'En un pueblo azotado por la hambruna en una llanura amarilla polvorienta, dos niños reciben dos destinos. Un niño, grandeza. Una niña, la nada...\r\nEn 1345, China se encuentra bajo el duro dominio mongol. Para los campesinos hambrientos de las llanuras centrales, la grandeza es algo que solo se encuentra en las historias. Cuando al octavo hijo de la familia Zhu, Zhu Chongba, se le da un destino de grandeza, todos están desconcertados en cuanto a cómo sucederá. El destino de la nada recibido por la inteligente y capaz segunda hija de la familia, por otro lado, es solo el esperado.\r\n\r\nSin embargo, cuando un ataque de bandidos deja huérfanos a los dos niños, es Zhu Chongba quien sucumbe a la desesperación y muere. Desesperada por escapar de su propia muerte fatal, la niña usa la identidad de su hermano para ingresar a un monasterio como una joven novicia. Allí, impulsada por su ardiente deseo de sobrevivir, Zhu aprende que es capaz de hacer lo que sea necesario, sin importar cuán insensible sea, para mantenerse oculta de su destino.\r\nDespués de que su santuario es destruido por apoyar la rebelión contra el gobierno mongol, Zhu aprovecha la oportunidad para reclamar otro futuro por completo: la grandeza abandonada de su hermano.', 'LaQueSeConvirtioEnElSol.jpg', 12),
(60, 'Tierra de Dolor', 'Rivers Solomon', 'Vern, embarazada de siete meses y desesperada por escapar del estricto complejo religioso donde se crió, huye al refugio del bosque. Allí, da a luz a gemelos y planea criarlos lejos de la influencia del mundo exterior.\nPero incluso en el bosque, Vern es una mujer cazada. Obligada a luchar contra la comunidad que se niega a dejarla ir, desata una brutalidad increíble mucho más allá de lo que una persona debería ser capaz de hacer, su cuerpo devastado por cambios inexplicables y extraños.\nPara entender su metamorfosis y proteger a su pequeña familia, Vern tiene que enfrentar el pasado y, lo que es más preocupante, el futuro, fuera del bosque. Encontrar la verdad significará descubrir los secretos del complejo del que huyó, pero también la historia violenta en Estados Unidos que lo produjo.', 'TierraDeDolor.jpg', 8),
(61, 'La Hipótesis del Amor', 'Ali Hazelwood', 'Como candidata a doctorado de tercer año, Olive Smith no cree en las relaciones románticas duraderas, pero su mejor amiga sí, y eso es lo que la llevó a esta situación. Convencer a Anh de que Olive está saliendo y que está en camino a un feliz para siempre siempre iba a tomar más que trucos mentales Jedi ondulados a mano: los científicos requieren pruebas. Entonces, como cualquier biólogo que se precie, Olive entra en pánico y besa al primer hombre que ve.\r\n\r\nEse hombre no es otro que Adam Carlsen, un joven profesor de tiro caliente, y un muy conocido. Es por eso que Olive se siente positivamente impresionada cuando el tirano de laboratorio reinante de Stanford acepta mantener su farsa en secreto y ser su novio falso. Pero cuando una gran conferencia científica se vuelve loca, poniendo la carrera de Olive en el quemador Bunsen, Adam la sorprende de nuevo con su apoyo inquebrantable y aún más inflexible ...', 'LaHipotesisDelAmor.jpg', 6),
(62, 'El Engaño del Amor Español', 'Elena Armas', 'Catalina Martín necesita desesperadamente una cita para la boda de su hermana. Especialmente porque su pequeña mentira piadosa sobre su novio estadounidense se ha salido de control. Ahora todos los que conoce, incluidos su ex y su prometida, estarán allí y ansiosos por conocerlo.\r\n\r\nSolo tiene cuatro semanas para encontrar a alguien dispuesto a cruzar el Atlántico y ayudar en su engaño. Nueva York a España no es un vuelo corto y su ruidosa familia no será fácil de engañar.', 'ElEngañoDelAmorEspañol.jpg', 14),
(63, 'Una Última Parada', 'Casey McQuiston', 'Para la cínica August de veintitrés años, mudarse a la ciudad de Nueva York se supone que le da la razón: que cosas como la magia y las historias de amor cinematográficas no existen, y la única forma inteligente de ir por la vida es solo. No puede imaginar cómo esperar mesas en un restaurante de panqueques las 24 horas y mudarse con demasiados compañeros de cuarto extraños podría cambiar eso. Y ciertamente no hay posibilidad de que su viaje en metro sea algo más que un viaje diario a través del aburrimiento y las fallas eléctricas.\r\n\r\nPero luego, está esta hermosa chica en el tren.\r\n\r\nJane. Deslumbrante, encantadora, misteriosa, imposible Jane. Jane con sus bordes ásperos y su cabello caído y su suave sonrisa, apareciendo con una chaqueta de cuero para salvar el día de agosto cuando más lo necesitaba. El enamoramiento del metro de August se convierte en la mejor parte de su día, pero muy pronto, descubre que hay un gran problema: Jane no solo parece una rockera punk de la vieja escuela. Ella está literalmente desplazada en el tiempo desde la década de 1970, y August tendrá que usar todo lo que trató de dejar en su propio pasado para ayudarla. Tal vez es hora de empezar a creer en algunas cosas, después de todo.\r\n', 'UnaUltimaParada.jpg', 8),
(64, 'Personas que Conocemos en Vacaciones', 'Emily Henry', 'Poppy y Alex. Alex y Poppy. No tienen nada en común. Es una niña salvaje; viste caquis. Tiene una insaciable pasión por los viajes; prefiere quedarse en casa con un libro. Y de alguna manera, desde que un fatídico auto compartió casa desde la universidad hace muchos años, son los mejores amigos. Durante la mayor parte del año viven muy separados, ella está en la ciudad de Nueva York y él en su pequeña ciudad natal, pero cada verano, durante una década, se han tomado una gloriosa semana de vacaciones juntos.\r\n\r\nHasta hace dos años, cuando lo arruinaron todo. No han hablado desde entonces.\r\n\r\nPoppy tiene todo lo que debería querer, pero está atrapada en una rutina. Cuando alguien le pregunta cuándo fue la última vez que fue realmente feliz, ella sabe, sin lugar a dudas, que fue en ese desafortunado y último viaje con Alex. Y así, decide convencer a su mejor amiga de que se tomen unas vacaciones más juntas: ponga todo sobre la mesa, hágalo todo bien. Milagrosamente, está de acuerdo.', 'GenteVacaciones.jpg', 6),
(65, 'Actúa a tu edad, Eve Brown', 'Talia Hibbert', 'Eve Brown es un desastre caliente certificado. No importa cuánto se esfuerce por hacer lo correcto, su vida siempre va horriblemente mal, por lo que ha dejado de intentarlo. Pero cuando su marca personal de caos arruina una boda costosa (alguien tuvo que liberar a esas pobres palomas), sus padres trazan la línea. Es hora de que Eve crezca y demuestre su valía, a pesar de que no está del todo segura de cómo...\r\n\r\nJacob Wayne tiene el control. Siempre. El propietario del bed and breakfast tiene la misión de dominar la industria de la hospitalidad, y espera nada menos que la perfección. Entonces, cuando un tornado de cabello púrpura de una mujer aparece de la nada para entrevistarlo para su puesto de chef abierto, él le dice la verdad brutal: no es una oportunidad en el infierno. Luego lo golpea con su auto, supuestamente por accidente. Sí, claro.', 'ActuaEve.jpg', 9),
(66, 'El Ex Hex', 'Erin Sterling', 'Hace nueve años, Vivienne Jones cuidó su corazón roto como lo haría cualquier joven bruja: vodka, música llorosa, baños de burbujas... y una maldición sobre el horrible novio. Claro, Vivi sabe que no debería usar su magia de esta manera, pero con solo una vela perfumada de \"paseo en el huerto\" a mano, no le preocupa que le cause algo más que un mal día de cabello o dos.\r\n\r\nEso es hasta que Rhys Penhallow, descendiente de los antepasados de la ciudad, rompedor de corazones y molesto como siempre fue, regresa a Graves Glen, Georgia. Lo que debería ser un viaje rápido para recargar las líneas ley de la ciudad y hacer una aparición en el festival anual de otoño se vuelve desastrosamente incorrecto. Con una calamidad tras otra golpeando a Rhys, Vivi se da cuenta de que su pequeño y tonto Ex Hex puede no haber sido tan inofensivo después de todo.', 'ElExHex.jpg', 20),
(67, 'Dioses de Neón', 'Katee Robert', 'Perséfone Dimitriou, querida por la sociedad, planea huir de la ciudad ultramoderna del Olimpo y comenzar de nuevo lejos de la política de puñaladas por la espalda de las Trece Casas. Pero todo eso se rompe cuando su madre la embosca con un compromiso con Zeus, el peligroso poder detrás de la fachada oscura de su brillante ciudad.\r\n\r\nSin opciones, Perséfone huye a la ciudad prohibida y hace un trato del diablo con un hombre que una vez creyó un mito ... un hombre que la despierta a un mundo que nunca supo que existía.', 'DiosesNeon.jpg', 22),
(68, 'Siete Días en Junio', 'Tia Williams', 'Eva Mercy, de Brooklyn, es una madre soltera y escritora erótica superventas, que se siente presionada por todos lados. Shane Hall es un autor literario solitario, enigmático y galardonado que, para sorpresa de todos, aparece en Nueva York.\r\n\r\nCuando Shane y Eva se encuentran inesperadamente en un evento literario, las chispas vuelan, levantando no solo sus traumas enterrados en el pasado, sino también las cejas de los literatos negros de Nueva York. Lo que nadie sabe es que veinte años antes, los adolescentes Eva y Shane pasaron una semana loca y tórrida locamente enamorados. Pueden estar fingiendo que todo está bien ahora, pero no pueden negar su química, o el hecho de que se han estado escribiendo en secreto en sus libros desde entonces.\r\n', 'SieteJunio.jpg', 26),
(69, 'Sucedió un Verano', 'Tessa Bailey', 'Piper Bellinger está de moda, es influyente, y su reputación como una niña salvaje significa que los paparazzi están constantemente pisándole los talones. Cuando demasiado champán y una fiesta fuera de control en la azotea aterrizan a Piper en el slammer, su padrastro decide que ya es suficiente. Así que la corta y envía a Piper y a su hermana a aprender algo de responsabilidad dirigiendo el bar de buceo de su difunto padre ... en Washington.\r\n\r\nPiper ni siquiera ha estado en Westport durante cinco minutos cuando conoce al gran y barbudo capitán de mar Brendan, quien cree que no durará una semana fuera de Beverly Hills. Entonces, ¿qué pasa si Piper no puede hacer matemáticas, y la idea de dormir en un apartamento en mal estado con literas le da urticaria? ¿Qué tan malo podría ser realmente? Está decidida a mostrarle a su padrastro, y al local caliente y gruñón, que es más que una cara bonita.\r\n', 'SucedioVerano.jpg', 9),
(70, 'La Ecuación del Alma Gemela', 'Christina Lauren', 'La madre soltera Jess Davis es una maga de datos y estadísticas, pero ninguna cantidad de cálculo de números puede convencerla de volver al mundo de las citas. Después de todo, su padre nunca estuvo cerca, su madre de fiesta dura desapareció cuando ella tenía seis años, y su ex decidió que no era \"material de padre\" antes de que naciera su hija. Jess mantiene a sus seres queridos cerca, pero trabajar constantemente para mantenerse a flote es difícil ... y solitario.\r\n\r\nPero luego Jess se entera de GeneticAlly, una nueva y bulliciosa compañía de emparejamiento basada en ADN que se predice que cambiará las citas para siempre. ¿Encontrar un alma gemela a través del ADN? La fiabilidad de los números: Esto Jess entiende.\r\n\r\nAl menos pensó que sí, hasta que su prueba muestra una inaudita compatibilidad del 98 por ciento con otro tema de la base de datos: el fundador de GeneticAlly, el Dr. River Peña. ', 'EcuacionGemela.jpg', 12),
(71, 'El Principio del Corazón', 'Helen Hoang', 'Cuando la violinista Anna Sun logra accidentalmente el éxito de su carrera con un video viral de YouTube, se encuentra incapacitada y agotada por sus intentos de replicar ese momento. Y cuando su novio de toda la vida anuncia que quiere una relación abierta antes de hacer un compromiso final, una Anna herida y enojada decide que si él quiere una relación abierta, entonces ella también lo hace. Traducción: Ella se va a embarcar en una serie de aventuras de una noche. Cuanto más inaceptables sean los hombres, mejor.\r\n', 'PrincipioCorazon.jpg', 6),
(72, 'El Viaje por Carretera', 'Beth O’Leary ', '¿Qué pasa si el final del camino es solo el comienzo?\r\n\r\nHace cuatro años, Dylan y Addie se enamoraron bajo el sol de la Provenza. El adinerado estudiante de Oxford Dylan se alojaba en la enorme villa francesa de su amigo Cherry; La niña salvaje Addie pasaba su verano como cuidadora en el lugar. Hace dos años, su relación terminó oficialmente. No han hablado desde entonces.\r\n\r\nHoy, las vidas de Dylan y Addie chocan de nuevo. Es el día antes de la boda de Cherry, y Addie y Dylan chocan autos al comienzo del viaje allí. El coche que conducía Dylan está destrozado, y la boda es en la Escocia rural: nunca llegará a tiempo en transporte público.', 'ViajeCarretera.jpg', 14),
(73, 'La Ofensiva de Encanto', 'Alison Cochrun', 'Dev Deshpande siempre ha creído en los cuentos de hadas. Así que no es de extrañar entonces que haya pasado su carrera elaborándolos en el reality show de citas de larga duración Ever After. Como el productor más exitoso en la historia de la franquicia, Dev siempre escribe la historia de amor perfecta para sus concursantes, incluso cuando su propia vida amorosa se estrella y se quema. Pero luego el programa elige al deshonrado prodigio tecnológico Charlie Winshaw como su estrella.\r\n\r\nCharlie está lejos del romántico príncipe azul que Ever After espera. No cree en el amor verdadero, y solo aceptó el espectáculo como un último esfuerzo para rehabilitar su imagen. Frente a las cámaras, es un desastre rígido y ansioso sin idea de cómo salir con veinte mujeres en la televisión nacional. Detrás de escena, es frío, incómodo y emocionalmente cerrado.', 'OfensivaEncanto.jpg', 8),
(74, 'La Vida es Demasiado Corta', 'Abby Jimenez', 'Cuando Vanessa Price renunció a su trabajo para perseguir su sueño de viajar por el mundo, no esperaba ganar millones de seguidores en YouTube que compartieron su alegría de aprovechar cada momento. Para ella, vivir cada día al máximo no es solo un lema. Su madre y su hermana nunca vieron la edad de 30 años, y Vanessa no quiere dar nada por sentado.\r\n\r\n\r\nPero después de que su media hermana de repente deja a Vanessa bajo la custodia de su hija pequeña, la vida pasa de la \"aventura diaria\" a la \"mala de siguiente nivel\" (ahora con vómito de bebé adicional en el cabello). La última persona que Vanessa espera que aparezca ofreciendo ayuda es el abogado de al lado, Adrian Copeland. Después de todo, ella apenas lo conoce. Nadie le advirtió que él era el Domador Secreto de Bebés o que pasaría mucho tiempo con él y su Chihuahua geriátrico.\r\n\r\n\r\nAhora está sintiendo cosas que ha jurado no sentir. Porque lo único peor que enamorarse de Adrián es encontrar un poco de esperanza para un futuro que tal vez nunca vea.', 'VidaDemasiadoCorta.jpg', 24),
(75, 'Segundas Primeras Impresiones', 'Sally Thorne', 'Ruthie Midona ha trabajado en la recepción de Providence Luxury Retirement Villa durante seis años, dedicando toda su vida adulta a cuidar a los residentes de la Villa, mantener la propiedad (con la ayuda de tutoriales de YouTube de bricolaje) y proteger a las tortugas en peligro de extinción que viven en los jardines de la Villa. En algún momento del camino, ha olvidado que es joven y hermosa, y que hay un mundo fuera del trabajo, hasta que conoce al hijo del promotor inmobiliario que acaba de adquirir el centro de jubilación.\r\n\r\nTeddy Prescott ha pasado los últimos años de fiesta, durmiendo hasta tarde, tatuándose cuando está aburrido y, en general, no se toma la vida demasiado en serio, algo que su padre, que sueña con preparar a Teddy para que sea su sucesor, no puede entender. Cuando Teddy necesita un lugar para estrellarse, su padre aprovecha la oportunidad para que crezca. Dejará que Teddy se quede en una de las cabañas en el lugar en la casa de retiro, pero solo si trabaja para ganarse la vida. Teddy está de acuerdo: puede cambiar algunas bombillas y recortar algunos setos, sin sudor. Pero Ruthie también tiene planes para Teddy.', 'SegundaImpresion.jpg', 6),
(76, 'La Charla Ex', 'Rachel Lynn Solomon', 'Shay Goldstein ha sido productora en su estación de radio pública de Seattle durante casi una década, y no puede imaginar trabajar en ningún otro lugar. Pero últimamente ha sido un choque constante entre ella y su nuevo colega, Dominic Yun, quien acaba de salir de un programa de maestría en periodismo y está convencido de que sabe todo sobre la radio pública.\r\n\r\nCuando la estación en apuros necesita un nuevo concepto, Shay propone un espectáculo que su jefe ilumina con emoción. En The Ex Talk, dos ex ofrecerán consejos de relación en vivo, en el aire. Su jefe decide que Shay y Dominic son los coanfitriones perfectos, dado lo mucho que ya se desprecian mutuamente. A ninguno de los dos le encanta la idea de mentir a los oyentes, pero es esto o el desempleo. Su audiencia invierte rápidamente, y no pasa mucho tiempo antes de que The Ex Talk se convierta en una escucha obligada en Seattle y suba en las listas de podcasts.', 'LaCharlaEx.jpg', 19),
(77, 'Mientras Estábamos Saliendo', 'Jasmine Guillory', 'Ben Stephens nunca se ha molestado con relaciones serias. Tiene muchas citas casuales para mantenerlo ocupado, drama familiar que está tratando de ignorar y su trabajo publicitario en el que enfocarse. Sin embargo, cuando Ben aterriza una gran campaña publicitaria con la estrella de cine Anna Gardiner, es difícil mantenerla puramente profesional. Anna no solo es hermosa y sexy, también tiene los pies en la tierra y es considerada, y él no puede evitar coquetear un poco ...\r\n\r\nAnna Gardiner tiene una misión: hacerse un nombre familiar, y esta campaña publicitaria será una gran distracción mientras espera saber si ha reservado su próxima película. Sin embargo, no esperaba que Ben Stephens fuera su mayor distracción. Ella sabe que mezclar negocios con placer nunca funciona, pero ¿por qué no disfrutar de un coqueteo inofensivo?', 'CuandoSaliendo.jpg', 12),
(78, 'El Plan de Citas', 'Sara Desai', 'Daisy Patel es una ingeniera de software que entiende las listas y la lógica mejor que los jefes y novios. Con su vida todo planeado, y sin interés en el amor, lo único que no puede darle a su familia es el matrimonio que esperan. Con pocas opciones, le pide a su enamorado de la infancia que sea su prometido señuelo.\r\n\r\nLiam Murphy es un capitalista de riesgo con algo que demostrar. Cuando se entera de que su herencia depende de estar casado, se da cuenta de que la hermana pequeña de su mejor amigo tiene la solución perfecta a su problema. Un matrimonio de conveniencia sacará a los parientes de Daisy de su espalda y cumplirá con los términos del testamento de su difunto abuelo. Si tan solo no le hubiera roto el tierno corazón adolescente hace nueve años ...', 'PlanCita.jpg', 8),
(79, 'Enviado', 'Angie Hockman', 'Entre tomar clases nocturnas para su MBA y su exigente trabajo diario en una línea de cruceros, la gerente de marketing Henley Evans apenas tiene tiempo para sí misma, y mucho menos para su familia, amigos o citas. Pero cuando es preseleccionada para la promoción de sus sueños, todos sus sacrificios finalmente parecen valer la pena.\r\n\r\n¿El único problema? Graeme Crawford-Collins, el gerente remoto de redes sociales y la pesadilla de su existencia, también está listo para el puesto. Aunque nunca se han conocido en persona, sus épicas batallas por correo electrónico son cosa de leyenda de la oficina.\r\n\r\nSu jefe les encarga a cada uno de ellos la redacción de una propuesta sobre cómo aumentar las reservas en galápagos: la mejor propuesta gana la promoción. Solo hay una trampa: tienen que ir en un crucero de compañía a las Islas Galápagos... junto. Pero cuando los dos se encuentran en el barco, Henley se sorprende al descubrir que el verdadero Graeme no se parece en nada a lo que ella imaginaba. Mientras exploran las islas juntos, pronto encuentra la línea entre el odio y el gusto más delgada que una postal.\r\n\r\nCon sus sueños profesionales en la mira y una creciente atracción por la competencia, Henley comienza a cuestionar sus elecciones de vida. Porque, ¿de qué sirve trabajar todo el tiempo si nunca vives realmente?', 'Enviado.jpg', 26),
(80, 'Cómo fallar en el coqueteo', 'Denise Williams', 'Una atrevida lista de tareas pendientes y un curso intensivo de coqueteo ponen patas arriba el mundo de un triunfador tipo A.\r\n\r\nCuando su departamento de agitación aterriza en el bloque de corte de la universidad, los amigos de la profesora Naya Turner la convencen de que se deshaga de su cárdigan fruncido para una noche en la ciudad. Por una noche, su enfoque se desviará de su exigente trabajo y abordará un nuevo tipo de lista de tareas pendientes. Cuando conoce a un encantador extraño en la ciudad por negocios, él presenta la oportunidad perfecta para marcar los artículos de su lista. Deja que el tipo le compre una bebida. Comprobar. Prueba algo nuevo. Comprobar. Una conexión sin ataduras. Comprobar... casi.\r\n\r\nJake la hace reír y desafía a Naya a reconstruir su confianza, que fue abandonada por su abusivo ex novio. Pronto está coqueteando con la posibilidad de una relación romántica más seria, excepto que nada puede ser tan fácil. Las complicadas cuerdas en torno a su noviazgo con Jake podrían destruir su carrera.\r\n\r\nNaya tiene dos opciones. Puede proteger su reputación profesional y volver a su antigua vida o puede coquetear con lo desconocido y quedarse con la persona que la hace sentir que finalmente está viviendo de nuevo.', 'Comofallarenelcoqueteo.jpg', 12),
(81, 'Lapvona', 'Ottessa Moshfegh', 'En un pueblo en un feudo medieval azotado por desastres naturales, un niño pastor sin madre se encuentra a sí mismo como el improbable eje de una lucha de poder que pone a prueba salvaje todo tipo de fe, en una novela fascinante que representa el salto más emocionante de Ottessa Moshfegh hasta Little Marek, el hijo abusado y delirante del pastor del pueblo, nunca conoció a su madre.\r\nEntre ellos se encuentra el padre Bernabé, el sacerdote de la ciudad y lacayo del depravado señor y gobernador, Villalon, cuya mansión en la cima de la colina contiene una vergüenza secreta de riquezas. La necesidad desesperada de la gente de creer que hay poderes que tienen sus mejores intereses en el corazón es puesta a prueba cruel por Villalon y el sacerdote, especialmente en este año de sequía y hambruna récord. Pero cuando el destino acerca violentamente a Marek a la familia del señor, fuerzas nuevas y ocultas alteran el viejo orden. Para fin de año, el velo entre la ceguera y la vista, la vida y la muerte, el mundo natural y el mundo de los espíritus, la civilidad y el salvajismo, demostrará ser muy Delgado.', 'Lapvona.jpg', 24),
(82, 'Nuestros Corazones Torcidos', 'Melissa Albert', 'Las vacaciones de verano de Ivy, de diecisiete años, comienzan con un accidente, un castigo y un misterio: un extraño cuya aparición en medio de la carretera, en medio de la noche, anuncia una serie de eventos cada vez más inquietantes. A medida que pasan los días, Ivy lidia con ofrendas espeluznantes, recuerdos corroídos y un secreto que siempre ha sabido: que hay más en su madre de lo que parece.\r\n\r\n Dana siempre ha sido perceptiva. Y el verano que cumple dieciséis años, con la ayuda de su mejor amiga y una ambiciosa chica mayor, sus dones florecen en una embriagadora aventura con lo sobrenatural, ambientada en una ciudad de posibilidades mágicas y místicos secretos. A medida que las aspiraciones del trío se oscurecen, se encuentran acelerando hacia un violento punto de ruptura.', 'NuestrosCorazonesTorcidos.jpg', 8),
(83, 'El Infierno Siguió Con Nosotros', 'Andrew Joseph White', 'Benji, un niño trans de dieciséis años, está huyendo del culto que lo crió, la secta fundamentalista que desató el Armagedón y diezmó a la población mundial. Desesperadamente, busca un lugar donde el culto no pueda tener en sus manos él, o lo que es más importante, en el arma biológica con la que lo infectaron.\r\n\r\nPero cuando es acorralado por monstruos nacidos de la destrucción, Benji es rescatado por un grupo de adolescentes del Centro LGBTQ+ local Acheson, conocido cariñosamente como el ALC. El líder del ALC, Nick, es hermoso, autista y un disparo mortal, y conoce el secreto más oscuro de Benji: el arma biológica del culto lo está mutando en un monstruo lo suficientemente mortal como para borrar a la humanidad de la tierra de una vez por todas.', 'ElInfiernoSiguioConNosotros.jpg', 20),
(84, 'Aurora', 'David Koepp', 'Del autor de Cold Storage viene un thriller fascinante e inquietantemente plausible, contado con la amenaza y el estilo de Under the Dome o Project Ave Mary, en el que un cataclismo mundial se desarrolla en la vida de una complicada familia del Medio Oeste.\r\n\r\nEn Aurora, Illinois, Aubrey Wheeler está tratando de sobrevivir después de que su ex esposo semi-criminal se separara, dejando atrás a su rebelde hijo adolescente.\r\n\r\nLuego se apagan las luces, no solo en Aurora, sino en todo el mundo. Una tormenta solar ha dejado sin electricidad a casi todas partes. De repente, todos los problemas son locales, muy locales, y Aubrey debe asumir el manto de feroz protectora de su vecindario suburbano.', 'Aurora.jpg', 10),
(85, 'No Es Bueno Para Las Doncellas', 'Tori Bovalino', 'Lou nunca creyó en las supersticiones o la magia, hasta que su tía adolescente Neela es secuestrada en el mercado de duendes.\r\n\r\nEl mercado es un lugar sobre el que Lou solo ha leído: calles retorcidas, ofrendas de frutas dulces y joyas increíbles. Todo, desde la comida y las mercancías, hasta los propios duendes, es una tentación inquietante para cualquier humano que logre encontrar su camino.Decidido\r\n\r\na salvar a Neela, Lou aprende canciones, hechizos y trucos que la ayudarán a navegar por este peligroso mundo y pasar por alto las defensas de un duende, pero solo tiene tres días para encontrar a Neela antes de que el mercado desaparezca y su tía se convierta en una de ellas para siempre.', 'NoDoncellas.jpg', 10),
(86, 'Patricia Quiere Abrazar', 'Samantha Allen', 'Los concursantes de un reality show de citas de televisión compiten por el amor, y sus vidas, en este debut de ficción palpitante y viciosamente divertido del autor ganador del Premio GLAAD de Real Queer America.\r\n\r\nCuando las últimas cuatro mujeres en competencia por un distante, aunque algo sórdido, corazón de soltero llegan a una misteriosa isla en el noroeste del Pacífico, se preparan mentalmente para otra semana de privación extrema del sueño, entrevistas invasivas y, por supuesto, el drama salaz que los espectadores de todo el país sintonizan para devorar ansiosamente. Cada mujer vino a \"The Catch\" por sus propias razones: patrocinios de marca, seguidores y, sí, incluso amor, y todas tienen sus ojos firmemente entrenados en sus respectivos premios.', 'PatriciaQuiereAbrazar.jpg', 12),
(87, 'Nunca Regreso a Casa', 'Kate Williams', 'Todo el mundo conoce Unknown Island, es el destino más exclusivo del mundo. Piense en playas de arena blanca, mares turquesas y alojamientos de lujo. Además, es solo por invitación, nadie mayor de veintiún años permitido, y es absolutamente gratis. ¿Quién no querría ir?\r\n\r\nDespués de lanzarse con una espectacular campaña de marketing viral, el mundo entero está viendo cómo el misterioso resort abre sus puertas a los First Ten, los diez influencers de élite elegidos específicamente para ser los primeros en experimentar todo lo que Unknown Island tiene para ofrecer. Ustedes los conocen. Está el jugador, el blogger de belleza, la chica rica, la superestrella, el político junior, el ambientalista, el DJ, el CEO, el chef y el atleta.\r\n\r\nLo que no saben es que no fueron invitados a Unknown Island para sus seguidores, fueron invitados por sus secretos. Todos esconden uno mortal, y parece que alguien ha decidido que es tiempo de recuperación. Unknown Island no es unas vacaciones, es una trampa. Y está empezando a parecer que los Diez Primeros, sin importar cuán influyentes sean, nunca volverán a casa.', 'NuncaRegresoaCasa.jpg', 8),
(88, 'Desde Abajo', 'Darcy Coates', 'Sin luz. Sin aire. Sin escapatoria.\r\nA cientos de pies bajo la superficie del océano, un cementerio espera...\r\n\r\nHace años, el SS Arcadia desapareció sin dejar rastro durante un viaje de rutina. Aunque se transmitió un extraño y confuso mensaje de emergencia, no se pudo encontrar ni el barco ni a ninguno de sus tripulantes. Sesenta años después, su naufragio finalmente ha sido descubierto a más de trescientas millas de su curso previsto ... un cementerio silencioso en las profundidades de la superficie del océano, esperando ansiosamente la primera señal de vida.\r\n\r\nCove y su equipo de buceo han recibido permiso para explorar el casco oxidado de Arcadia. Su propósito es sencillo: examinar el naufragio, filmar todo y, si es posible, descubrir cómo y por qué desapareció el barco supuestamente insumergible.\r\n\r\nPero la Arcadia aún no se ha llenado de muerte, y algo oscuro y hambriento observa desde abajo. Con oxígeno limitado y la nave acercándose lentamente a su alrededor, Cove y su equipo tendrán que luchar para liberarse del horror indescriptible ahora desesperado por reclamarlos.', 'DesdeAbajo.jpg', 16),
(89, 'Jardín de Cuerpos Terrenales', 'Sally Oliver', 'Meses después de la muerte de su hermana, Marianne se despierta para encontrar un crecimiento de gruesos pelos negros a lo largo de su columna vertebral. Desafían sus intentos de eliminarlos, en lugar de proliferar, cada vez más. Los pelos, le dice el médico de Marianne, son una reacción al trauma, desarrollado a raíz de la pérdida de su hermana, Marie. Su médico recomienda que Marianne visite Nede, un moderno centro de rehabilitación de la Nueva Era en un bosque remoto en Gales donde los pacientes asisten a sesiones de terapia poco ortodoxas y se comunican con la naturaleza.\r\nSin embargo, algo extraño les está sucediendo a Marianne y a los otros pacientes de Nede:una metamorfosis de algún tipo. A medida que los pelos de su espalda continúan creciendo, el pasado comienza a enredarse con el presente y los límites de su conciencia amenazan con desintegrarse.Se siente atraída compulsivamente por la memoria de Marie, obsesionada con el impulso que atrajo a su hermana hacia la muerte y dividió a su familia. A medida que los recuerdos de Marianne amenazan con abrumarla, Nede le ofrece la liberación de este ciclo de memoria y dolor, pero solo a un precio terrible: el de la identidad misma.', 'JardinDeCuerposTerrenales.jpg', 22),
(90, 'Ve a Cazarme', 'Kelly deVos', 'Alex Rush está listo para el viaje de su vida.\r\n\r\nElla y sus amigos han hecho algunas películas espeluznantemente increíbles juntos a lo largo de la escuela secundaria, por lo que con solo unos meses antes de que tomen caminos separados para la universidad, están decididos a hacer el mejor hasta ahora: un cortometraje épico que reimagina la historia de Drácula, filmado en un castillo remoto en Rumania.\r\n\r\nPero cuando llegan allí, no es exactamente el escenario majestuoso que planearon. Las armas amenazantes se alinean en las paredes, los pasillos retorcidos son fáciles de perderse y, sin conexión con el mundo exterior, el grupo está inesperadamente fuera de la red. Después de pasar solo unas horas bajo su techo, Alex y sus amigos no tienen problemas para imaginar cómo este castillo oscuro y aterrador inspiró una de las novelas de terror más duraderas de todos los tiempos.', 'VeACazarme.jpg', 12),
(91, 'Nunca Podemos Salir de este lugar', 'Eric LaRocca', 'Una joven precoz con una imaginación inusual es enviada en una odisea a las profundidades de la depravación. Después de que su padre muere violentamente, la joven Mara se sorprende al encontrar a su madre dando la bienvenida a un nuevo huésped en su casa, alegando que los protegerá del mundo de devastación y destrucción fuera de su puerta.\r\n\r\nUna fantasía oscura grotesca y emocionante, We Can Never Leave This Place es un retrato desgarrador del dolor heredado y el trauma familiar.', 'NuncaPodemos.jpg', 14),
(92, 'La Clackity', 'Lora Senf', 'Evie Von Rathe vive en Blight Harbor, la séptima ciudad más embrujada de Estados Unidos, con su tía Desdémona, la experta paranormal local. Des no tiene muchas reglas, excepto una: Manténgase alejado del matadero abandonado en las afueras de la ciudad. Pero cuando su tía desaparece en el edificio, Evie va a buscarla.\r\n\r\nAllí conoce a The Clackity, una criatura que vive en las sombras y costuras del matadero. Los Clackity hacen un trato con Evie para ayudar a recuperar a Des a cambio del fantasma de John Jeffrey Pope, un asesino en serie que acechó Blight Harbor cien años antes. Evie debe embarcarse en un viaje a un extraño otro mundo lleno de brujas hambrientas, fantasmas con ojos de centavo y un ladrón de memorias, todo mientras es perseguido por un hombre muerto cuyo único objetivo es agregar a Evie a su colección de almas perdidas.', 'Clackity.jpg', 8),
(93, 'Katzenjammer', 'Francesca Zappia', 'Cat vive en su escuela secundaria. Ella nunca se va, y durante mucho tiempo su escuela le ha proporcionado todo lo que necesita. Pero ahora las cosas están cambiando. Los pasillos se contraen y expanden junto con la respiración de la escuela, y las duchas en el baño corren de un rojo sangriento. El mejor amigo de Cat se está convirtiendo lentamente en cartón, y en lugar de una cara, Cat tiene una máscara de gato hecha de su propia carne endurecida.\r\n\r\nCat no recuerda por qué está atrapada en su escuela o por qué la mitad de ellos, incluido Cat, se están transformando lentamente. Escapar siempre ha sido la única imposibilidad en el mundo al revés de su escuela. Pero para salvarse de la eventual autodestrucción que enfrentan todos los estudiantes, Cat debe encontrar la salida. Y para hacer eso, tendrá que recordar qué la puso allí en primer lugar.', 'Katzenjammer.jpg', 26),
(94, 'Sentencia de Muerte', 'Bryan Johnston', 'Frankie Percival está cobrando sus fichas. Para salvar a su hermano de la ruina financiera, Frankie, una artista de un solo escenario y mentalista que nunca llegó a lo grande, acepta ser asesinada en el programa de televisión más popular del planeta: Death Warrant. Una vez que firma su vida, su memoria se borra del acuerdo, dejándola sin idea de que pronto será asesinada espectacularmente para el entretenimiento global.\r\n\r\nDespués de años de trabajar en teatros de bajo alquiler, Frankie se prepara para la actuación más grande de su vida mientras su asesino death warrant se acerca a ella. Cada persona con la que se encuentre podría ser su asesino. Cada día podría ser el último.', 'SentenciaDeMuerte.jpg', 14),
(95, 'Niños, Bestias y Hombres', 'Sam J. Miller', 'A pesar de su capacidad para controlar la nube digital ambiental, un adolescente adoptivo se enamora de un estafador inteligente. Atrayendo a los matones a una cantera, un niño toma venganza claramente enumerada a través de poderes antinaturales de sugestión. A raíz de una invasión alienígena que cambia de forma, un sobreviviente teme haber sacado algo del Ártico para infectar al resto del mundo. Un grupo rebelde de artistas queer crean una nueva identidad que trasciende incluso el anonimato de la muerte.\r\n\r\nSam J. Miller (Blackfish City, The Art of Starving) muestra su ingenio salvaje, su franqueza implacable y sus exuberantes imágenes en esta colección retrospectiva esencial de su carrera, ocupando su lugar junto a leyendas de la forma de ficción corta como Carmen Maria Machado, Carson McCullers y Jeff VanderMeer.', 'NiñosBestiasyHombres.jpg', 26);
INSERT INTO `libro` (`ID`, `Titulo`, `Autor`, `Descripcion`, `img`, `Precio`) VALUES
(96, 'El Camino de las Espinas', 'A.G. Slatter', 'Solo en el mundo, Asher Todd viaja a la remota finca de Morwood Grange para convertirse en institutriz de tres niños pequeños. Sus únicas posesiones comprenden un cofre de mar y una gran bolsa de alfombra a la que se aferra para su querida vida. Ella encuentra una hermosa casa antigua, sus habitantes orgullosos de su linaje y reputación impecable, y un pequeño pueblo cerca. Parece una existencia sin problemas, sin embargo, faltan retratos en las paredes, habitaciones cerradas y nombres eliminados del árbol genealógico inscrito en la Biblia. En poco tiempo, los niños la adoran, ella se vuelve indispensable para su padre Lutero en su laboratorio, y sus pociones son capaces de restaurar la vista de la abuela Leonora. Pronto Asher encaja como si siempre hubiera estado allí, pero hay criaturas que acechan el bosque por la noche, espectros rondan los pasillos, y Asher no es tan extraño para los Morwoods como podría parecer a primera vista.', 'CaminoEspinas.jpg', 8),
(97, 'Parque Acuático Miserable', 'Kiersten White', 'Los gemelos de doce años Theodora y Alexander y su hermana mayor Wilhelmina Sinister-Winterbottom no saben cómo terminaron con su tía Saffronia durante todo un verano. Ella no está exactamente bien equipada para manejar a los niños. Sin embargo, los gemelos están decididos a hacer que sean unas buenas vacaciones, por lo que cuando la tía Saffronia sugiere un parque acuático, están de acuerdo apresuradamente.\r\n\r\nPero Fathoms of Fun no es el típico parque acuático. En lugar de cabañas, los huéspedes alquilan mausoleos. Los toboganes de agua son lenguas grises que se extienden desde horribles caras de gárgolas. Las pocas personas con las que se encuentran son muy, muy extrañas. Y el dueño desapareció en extrañas circunstancias, perdido en el mar frío e incognoscible, la piscina de olas.', 'ParqueMiserable.jpg', 12),
(98, 'Clementine, Libro Uno', 'Tillie Walden', 'Clementine está de vuelta en el camino, buscando dejar atrás su pasado traumático y forjar un nuevo camino propio.\r\n\r\nPero cuando se encuentra con un adolescente amish llamado Amos con la cabeza en las nubes, la improbable pareja viaja hacia el norte a una estación de esquí abandonada en Vermont, donde se encuentran con un pequeño grupo de adolescentes que intentan construir un nuevo asentamiento libre de caminantes.\r\n\r\nA medida que la amistad, la rivalidad y el romance comienzan a florecer entre el grupo, el duro invierno pronto revela que la mayor amenaza para su supervivencia ... podrían ser el uno al otro.\r\n\r\nUna historia de supervivencia escrita e ilustrada por la dos veces ganadora del premio Eisner Tillie Walden (Spinning, On a Sunbeam).', 'Clementine.jpg', 12),
(99, 'Juegos Para Chicas Muertas', 'Jen Williams', 'En la línea de Jennifer Hillier y Lisa Jewell, Jen Williams fusiona espeluznantes leyendas urbanas y secretos macabros en una lectura inquietante y propulsiva que perdurará mucho después de la última página.\r\n\r\nCuando Charlie tenía once años, creó un monstruo ...\r\n\r\nEn la ciudad costera de Hithechurch, Inglaterra, Charlotte, de once años, conoce a Emily, una chica inteligente y reservada de su misma edad con una oscura historia familiar. En un intento de deshacerse del padre abusivo de Emily, Charlie y Emily realizan un ritual para tratar de invocar el espíritu de una chica hithechurch de leyenda urbana, llamada Stitch Face Sue por Charlie, que fue asesinada por piratas y supuestamente persigue la ciudad en busca de venganza. Cuando parece que el macabro juego que han inventado está funcionando, Emily se obsesiona con Stitch Face Sue y las cuerdas en otra chica, pero el juego sale trágicamente mal cuando la nueva chica es asesinada. Charlie y Emily son atrapados tratando de ocultar el cuerpo, y ambos son llevados a las instituciones.', 'JuegosChicasMuertas.jpg', 8),
(100, 'Come lo que lo alimenta', 'Max Hoven', 'En este juego de terror sucio, Francois, una impresionante mujer de mediana edad, ha desarrollado una aflicción que empeora y busca a un joven cuidador para mantener su lujosa mansión criolla en lo profundo del místico bayou de Louisiana. Kenny, una adolescente medio ingeniosa que busca un trabajo de verano, tropieza directamente a la puerta de su casa. Alquiler gratis, comidas gratis, altos salarios, trabajo fácil y un jefe provocativo ... ¿Qué hay para que Kenny se niegue? Bueno, está la cocina cubierta de sangre que se derrama con carne cruda y la puerta del ático chapada en acero con cerradura de perno a la que tiene acceso restringido. ¿Vale la pena el riesgo de perderse un romance salvaje de verano?', 'ComeAlimenta.jpg', 8),
(101, 'Roto (De la Mejor Manera Posible)', 'Jenny Lawson', 'Como saben los cientos de miles de fans de Jenny Lawson, sufre de depresión. En Broken, Jenny lleva a los lectores a lo largo de su viaje de salud mental y física, ofreciendo anécdotas desgarradoras e hilarantes en el camino.\r\n\r\nCon las personas experimentando ansiedad y depresión ahora más que nunca, Jenny humaniza lo que todos enfrentamos de una manera demasiado real, asegurándonos que no estamos solos y haciéndonos reír mientras lo hacemos. Desde las ideas de negocios que quiere presentar a Shark Tank hasta la razón por la que Jenny nunca puede volver a la oficina de correos, Broken no deja nada a la imaginación de la manera más satisfactoria. Y, por supuesto, el sufrido esposo de Jenny, Victor, el Ricky de Lucille Ball de Jenny, está presente en todo momento.', 'Roto.jpg', 8),
(102, '¿Cómo les va a todos?', 'Leslie Jordán', 'Cuando el actor Leslie Jordan se enteró de que se había \"vuelto viral, no tenía idea de lo que eso significaba o cuánto estaba a punto de cambiar su vida. En Instagram, sus videos alborotadores han entretenido a millones y lo han convertido en una celebridad mundial. Ahora, trae su bon vivance a la página con esta colección de ensayos íntimos y descarados.\r\n\r\nRebosante de color y vida, goteando con su encanto sureño, How Yall Doing? está haciendo Leslie lo que Leslie hace mejor: contar historias que nos hacen reír y levantar nuestro espíritu incluso en los días más oscuros. Ya sea que esté escribiendo sobre su roce con un grupo de rufianes en un Starbucks de West Hollywood, o una llamada telefónica inesperada de la legendaria partida de Hollywood Debbie Reynolds, Leslie infunde cada historia con su humor fresco y saucy y su corazón puro.\r\n', 'ComoTodos.jpg', 22),
(103, 'Donde juegan el ciervo y el antílope', 'Nick Offerman', 'Nick Offerman siempre ha sentido un parentesco con la Tierra de los Libres, no solo con la gente y sus supuestos ideales, sino con la tierra misma. El lecho rocoso, la capa superior del suelo y todo lo demás que genera la salud de su cuenca local. En su nuevo libro, Nick realiza un viaje humorístico, inspirador y elucidado a los senderos, granjas y fronteras de Estados Unidos para celebrar a las personas, el paisaje y las historias, tanto históricas como frescas, que lo han hecho genial.\r\n\r\nLas semillas de este libro se plantaron en 2019, cuando Nick realizó dos viajes memorables con amigos: un viaje de senderismo al Parque Nacional Glacier con sus amigos Jeff Tweedy y George Saunders, así como una visita prolongada a su amigo James Rebanks, el autor de A Shepherds Life and English Pastoral. Siguió con una excursión que solo podría haber ocurrido en 2020: Nick y su esposa, Megan Mullally, compraron un remolque Airstream para conducir a través de los Estados Unidos a fines de 2020. Los tres viajes inspiraron un pensamiento profundo de Nick, sobre la historia y la filosofía de nuestra relación con la naturaleza en nuestros parques nacionales, en nuestra agricultura y en nuestra vida silvestre; a qué nos referimos cuando hablamos de conservación; la importancia de la recreación al aire libre; y la construcción saludable de comunidades locales y nacionales a través de las líneas partidarias, todos temas muy cercanos al corazón de Nick.', 'CiervoAntilopeJuegan.jpg', 24),
(104, 'Anuario', 'Seth Rogen', '¡Hola! ¡Soy Seth! Me pidieron que describiera mi libro, Yearbook, para la solapa interior (que es una frase grosera) y para sitios web y mierda como esa, así que ... aquí va!!!\r\n\r\nYearbook es una colección de historias reales que espero desesperadamente que sean divertidas en el peor de los casos, y que cambien la vida increíbles en el mejor de los casos. (Entiendo que es probable que sea el primero, que es una forma elegante de libro de decir el primero).\r\n\r\nHablo de mis abuelos, haciendo comedia stand-up cuando era adolescente, bar mitzvahs y campamento de verano judío, y cuento muchas más historias sobre drogas de las que a mi madre le gustaría. También hablo de algunas de mis aventuras en Los Ángeles, y seguramente digo cosas sobre otras personas famosas que crearán una conversación tremendamente incómoda para mí en una fiesta algún día.\r\n\r\nEspero que disfrutes del libro si lo compras, y si no lo disfrutas, lo siento. Si alguna vez me ves en la calle y me explicas la situación, haré todo lo posible para compensarte.', 'Anuario.jpg', 12),
(105, 'Nunca creerás lo que le pasó a Lacey', 'Ámbar Ruffin', 'Ahora escritora e intérprete en Late Night with Seth Meyers y presentadora de The Amber Ruffin Show, Amber Ruffin vive en Nueva York, donde no es la primera amiga negra de nadie y todos son, como ella dice, crudamente normales. ¿Pero la hermana de Amber, Lacey? Ella todavía vive en su estado natal de Nebraska, y confía en nosotros, nunca creerás lo que le sucedió a Lacey.\r\n\r\nDesde tiendas de donas racistas hasta extraños que se meten toda la mano en el cabello, desde ser confundida con una prostituta hasta ser confundida con Harriet Tubman, Lacey es un pararrayos para anécdotas hilarantemente ridículas pero demasiado reales. Ella es la mezcla perfecta de educada, hermosa, pequeña y negra que aparentemente hace que la gente piense Puedo decirle lo que quiera a esta mujer. Y ahora, Amber y Lacey comparten estas historias entretenidamente horribles a través de sus bromas fraternales a carcajadas. Dolorosamente identificable o sorprendentemente revelador (dependiendo de la frecuencia con la que haya sido seguido personalmente por la seguridad en los grandes almacenes), este libro aborda el racismo moderno con el equilibrio perfecto de levedad y gravedad.', 'Lacey.jpg', 16),
(106, 'Adulto Apenas Funcional', 'Meichi Ng', 'Del creador de Barely Functional Adult, un webcomic dolorosamente identificable con más de 125 mil seguidores en Instagram, viene una colección hilarantemente conmovedora de historias cortas bellamente ilustradas que narran las perspectivas en constante evolución de sus veinte años sobre el trabajo, la terapia, la identidad, el desamor, la amistad y más.\r\n\r\nManejando su característico equilibrio de humor ingenioso, levedad e introspección desgarradora, la colección indiscutiblemente identificable de historias cortas de Meichi Ng tiene un espejo de nuestro yo pasado, presente y futuro.\r\n\r\nCon un adulto envuelto, neutral en cuanto al género, apenas funcional como protagonista, que dice todas las cosas que pensamos pero no podemos decir, este libro es a partes iguales humorístico y desgarrador, ya que abarca un espectro de temas que incluyen el síndrome del impostor, la terapia, las amistades, los primeros amores, dejar ir a los ex y simplemente tratar de encontrar su propósito en el mundo. Prepárate para empujar con entusiasmo este libro en la cara de tu amigo con poco decoro mientras gritas: ¡ESTO ES TAN NOSOTROS!', 'Adulto.jpg', 8),
(107, 'Un Carnaval de Bocadillos', 'David Sedaris', 'Si lo que buscas es mirarte el ombligo, has venido al lugar equivocado; Lo mismo ocurre con el autoexamen treacly. Más bien, sus observaciones se vuelven hacia afuera: una pelea entre dos hombres en un autobús, una pelea entre dos hombres en la calle, peatones que son golpeados en la cabeza o se reúnen para ver cómo un hombre considera saltar a su muerte. Hay una broma sucia compartida en una firma de libros, luego una más sucia contada en una cena, muchas bromas aquí. Muchas risas.\r\n\r\nEstos diarios le recuerdan que una vez realmente odió a George W. Bush, y que no hace mucho tiempo, Donald Trump era solo un hazmerreír inofensivo, al menos en la televisión francesa. El tiempo avanza, y Sedaris, en su escritorio o en aviones, en comedores de hoteles y extrañas posadas japonesas, lo registra. Las entradas aquí reflejan un trasfondo en constante cambio: nuevas administraciones, nuevas restricciones a la expresión y la conducta. Lo que puedes decir al principio del libro, no puedes al final. En el mejor de los casos, A Carnival of Snackery es una especie de sampler: lo amargo y lo dulce. Algunas entradas son justo lo que querías. Otros es posible que desee escupir discretamente en una servilleta.', 'CarnavalBocadillo.jpg', 22),
(108, 'Bueno, esto es agotador', 'Sophia Benoit', 'Al igual que muchas mujeres, Sophia pasó sus años de formación luchando por hacer lo correcto: hacer que los demás se sintieran cómodos, tomar riesgos mínimos y calculados, estar a la altura de las expectativas de la sociedad, solo para darse cuenta de que había muy poca recompensa en este agotador acto de equilibrio. Cansada de esforzarse tanto, Sophia finalmente soltó la presión aplastante para ser perfecta.\r\n\r\nElla navega por los altibajos del mundo de las citas (alto: ser una beta tester para Bumble; bajo: afeitarse apresuradamente las piernas antes de una conexión de hotel y obtener sangre por todas las sábanas), y camina por la línea entre ser una chica fría y asegurarse de que la indiferencia de su novio sobre el mal de altura no lo mate. Aprende lo que significa ser feminista, cómo abrazar su propia voz y cuándo escuchar a las mujeres que han pasado por más y han estado haciendo el trabajo por más tiempo.', 'BuenoAgotador.jpg', 16),
(109, 'Parques mediocres', 'Amber Share', 'Subpar Parks, tanto en la popular página de Instagram como en este libro humorístico, informativo y coleccionable, combina dos cosas que parecen no funcionar juntas pero que de alguna manera armonizan perfectamente: hermosas ilustraciones y texto informativo y divertido que celebra cada parque nacional junto con las críticas de una estrella que los turistas decepcionados han dejado en línea. Millones de visitantes cada año disfrutan del Parque Nacional Glacier, pero para un visitante, ¡era simplemente Demasiado frío para mí! Otro vio las vistas alucinantes de Bryce Canyon como ¡Demasiado puntiagudo! No importa la persona que visitó las piscinas termales en el Parque Nacional de Yellowstone y se fue pensando: Ahórrate algo de dinero, hierve un poco de agua en casa.\r\n\r\nCon más del 50 por ciento de material nuevo, el libro incluirá más profundidad y conocimiento de los parques más populares, como Yosemite, Yellowstone, el Gran Cañón y los Parques Nacionales de Acadia; anécdotas y consejos de guardabosques; y mucho más sobre el amor personal y la conexión de la autora Amber Share con el aire libre. A partes iguales humor y amor por los parques nacionales y el aire libre, es el regalo perfecto para cualquiera que ame pasar tiempo al aire libre, así como tener una buena lectura (y reír) una vez que entran en el interior.', 'ParquesMediocres.jpg', 16),
(110, 'Fan Fiction', 'Brent Spiner', 'La explosiva e hilarante novela de Brent Spiner es una mirada personal a la relación ligeramente torcida entre una celebridad y sus fans. Si los hermanos Coen hicieran una película de Star Trek, que involucre la complejidad de la obsesión de los fanáticos y la ciencia ficción, esta comedia noir podría ser la indicada.\r\n\r\nAmbientada en 1991, justo cuando Star Trek: The Next Generation ha disparado al elenco a la fama mundial, el joven e impresionable actor Brent Spiner recibe un misterioso paquete y una serie de cartas inquietantes, que lo llevan a un viaje aterrador y extraño que recluta a Paramount Security, el LAPD e incluso el FBI para poner fin al peligro que tiene su vida y su carrera pendiendo de un hilo.\r\n\r\nCon un elenco de personajes desde Patrick Stewart hasta Levar Burton y el creador de Trek, Gene Roddenberry, hasta algunos completamente imaginados, esta es la autobiografía ficticia que lleva a los lectores a la vida de Brent Spiner y cuenta una historia increíble sobre las trampas de la celebridad y el miedo que ha llevado consigo toda su vida.', 'FanFiction.jpg', 20),
(111, 'Traiga su equipaje y no empaque ligero', 'Helen Ellis', 'Cuando Helen Ellis y sus amigos de toda la vida llegan para una reunión en la Riviera Redneck, desempacan más que sus maletas: historias de esposos e hijos, padres perdidos y trabajos perdidos, cebolla en polvo y fotografías que tienes que sostener por los bordes; chistes sucios y protector solar con SPF más alto de lo que rociaron su flequillo en el último año, y una mala mamografía. Es un diagnóstico que los asusta, pero que nunca podría romper su vínculo. Porque las mujeres que empujan cincuenta no serán empujadas.\r\n\r\nEn estos doce ensayos gloriosamente cómicos y conmovedores, Helen Ellis habla sobre el sexo de mediana edad casado, solloza con un teatro lleno de mujeres mientras un psíquico exorciza sus penas, recibe veinte disparos de bilis estomacal en el cuello para deshacerse de su papada y reúne el coraje para preguntar: ¿Estás ahí, Menopausia? Soy yo, Helen.', 'TraigaSuEquipaje.jpg', 20),
(112, 'Tuvimos un pequeño problema de bienes raíces', 'Kliph Nesteroff', 'Fue una de las bromas más confiables en la rutina de stand-up de Charlie Hill: Mi gente es de Wisconsin. Solíamos ser de Nueva York. Tuvimos un pequeño problema inmobiliario.\r\n\r\nEn We Had a Little Real Estate Problem, el aclamado historiador de la comedia Kliph Nesteroff se centra en una de las historias más significativas y poco conocidas de la comedia: cómo, a pesar de que se les ha negado la representación en la industria del entretenimiento, los nativos americanos han influido y avanzado en la forma de arte.\r\n\r\nEl relato comienza a finales de la década de 1880, cuando los nativos americanos se vieron obligados a hacer giras en espectáculos del salvaje oeste como una alternativa a la prisión. (Un comediante moderno dijo que era como si un detenido de Guantánamo de repente tuviera que aparecer en X-Factor). Esto es seguido por una mirada detallada a la vida y el trabajo de figuras seminales como el humorista Cherokee Will Rogers y Hill, quien en la década de 1970 fue el primer comediante nativo americano en aparecer en The Tonight Show.\r\n', 'TuvimosUnProblema.jpg', 14),
(113, 'Los Restos de mi Presencia', 'Casey Wilson', 'Casey Wilson tiene mucho en mente y no tiene miedo de compartir. En esta deslumbrante colección de ensayos, hábilmente construida y rebosante de emoción, comparte sus pensamientos sobre las alegrías y los caprichos de la feminidad y la maternidad de hoy en día, presenta a la familia no del todo típica que la hizo ser quien es, y argumenta persuasivamente que la cultura pop lowbrow es la lente perfecta a través de la cual comprender la naturaleza humana.\r\n\r\nYa sea que esté ensalzando las virtudes de comer en la cama, procesando la humillación por la permanente tardía de su padre en la vida o explorando su necesidad patológica de ser querida, Casey es ingeniosa, cándida y llena de sorpresas conmovedoras y divertidas. Las inmersiones humorísticas en sus obsesiones y áreas de experiencia personal (Scientology y autoayuda, chicos agradables, reality shows de televisión) se combinan con meditaciones conmovedoras sobre la amistad femenina, el dolor, la maternidad y la identidad.\r\n\r\nLeer Los restos de mi presencia es como pasar tiempo con un amigo cercano: un amigo profundamente apasionado, inclinado, alegre, excesivo, compulsivo, desvergonzado, hambriento de todo, leal y animador. Una amiga que está lista para cualquier gran sentimiento que se le presente y no tiene miedo de abrazarlo.', 'LosRestos.jpg', 12),
(114, 'Problemas de un Nerd Negro', 'Guillermo Evans', 'Cuando William Evans y Omar Holmon fundaron Black Nerd Problems, no tenían idea de si alguien más allá de su pequeño círculo de amigos estaría interesado en su pequeño rincón de Internet. Pero poco después del lanzamiento, se sorprendieron al descubrir que había una amplia comunidad de personas que tenían hambre de nuevas perspectivas sobre todas las cosas nerds.\r\n\r\nEn los años transcurridos desde entonces, Evans y Holmon han construido una gran base de fans dedicados ansiosos por su marca de críticas culturales, ya sea en forma de un resumen de episodio de Game of Thrones estridente y estridente o un ensayo elocuente sobre cómo lidiar con el dolor a través de la comedia stand-up. Ahora, están listos para dar el siguiente paso con esta vibrante e hilarante colección de ensayos, que cubre todo, desde X-Men hasta Breonna Taylor, con una visión e inteligencia alternativamente hilarante, estimulante y apasionada (School Library Journal).\r\n\r\nUna crítica de la cultura pop muy necesaria y fresca desde la perspectiva de las personas de color, esta colección enormemente entretenida y eminentemente reflexiva es una clase magistral de lo poderosa y divertida que puede ser la crítica cultural(Publishers Weekly, reseña destacada).', 'ProblemasNerd.jpg', 8),
(115, 'Los detalles de Peter', 'Kelly Conaboy', 'El autor conoció a Peter en la primavera de 2017. Él, tranquilo, con ojos de cachorro, con el corazón de un poeta y el alma de, también, un poeta, llegó a ella primero como un padre adoptivo. No pudo quedarse con su hogar de acogida previamente asignado por razones que no son de su incumbencia, pero que le diremos que estaban relacionadas con la micción frecuente. El rescate necesitaba a alguien libre del tipo de responsabilidades que la obligarían a salir regularmente de la casa para trabajar o socializar, y un escritor era la elección natural. Así comenzó una historia de amor para los siglos.\r\n\r\nThe Particulars of Peter es una exploración de la alegría que se encuentra en amar tanto a un perro que te hace sentir como si fueras a quemar, y la relación potencialmente codependiente de la autora con su propio perro dulce, Peter. Los lectores seguirán a Peter y su dueño a Woofstock, el festival al aire libre para perros más grande de América del Norte, y los acompañarán a las lecciones de Freestyle Canino, un deporte donde los perros realizan una rutina con música, creando la ilusión de que están bailando con sus dueños. Desde aprender sobre el ADN de Peter, hasta ver si los perros pueden sentir la presencia de fantasmas, The Particulars of Peter dará a los lectores un viaje al pequeño mundo de los perros.', 'DetallesPeter.jpg', 24),
(116, 'Cómo sobrevivir a Estados Unidos', 'D.L. Hughley', 'Los blancos aman las guías de supervivencia. Pero ¿has notado que siempre se trata de actividades ridículas en lugares lejos de casa, con capítulos como Cómo sobrevivir a una avalancha o Cómo vivir de insectos en la jungla. ¿Sabes quién realmente necesita una guía de supervivencia? Estadounidenses negros y marrones. ¡Por sobrevivir a su maldito país! Las poblaciones minoritarias se despiertan todos los días en una batalla por su salud y seguridad. Afortunadamente, el legendario activista y comediante D.L. Hughley ofrece How to Survive America, una sátira intrépida que expone el injusto costo del racismo en nuestros cuerpos y mentes.\r\nIncluso antes de que COVID-19 afectara desproporcionadamente a las comunidades minoritarias, la esperanza de vida para los negros era tres años menos que para los estadounidenses blancos. El mismo aire que respiramos está más contaminado, nuestra agua está más contaminada, nuestras opciones de alimentos locales son tóxicas y nuestros trabajos están mal pagados. A pesar de la necesidad obvia, la calidad de nuestra atención médica es trágicamente inadecuada. Nuestras comunidades son estadísticamente menos seguras que el promedio, y sin embargo, estamos aterrorizados por los sistemas de aplicación de la ley y justicia penal que se supone que nos protegen, enviando a los negros a prisión a una tasa cinco veces mayor que la de los blancos. No menos importante, nuestro medio para abordar estas injusticias, el voto, está perennemente bajo asalto.', 'ComoSobrevivir.jpg', 12),
(117, 'Dientes Nuevos', 'Simón Rico', 'Llamado Regalo del Cielo cómico por Conan Brien y el Stephen King de la escritura de comedia por John Mulaney, Simon Rich está de vuelta con New Teeth, su colección más divertida y personal hasta el momento.\r\n\r\nDos piratas asesinos encuentran a un niño polizón a bordo e intentan equilibrar el pillaje con la crianza compartida. Una mujer criada por lobos se prepara para la visita anual de Acción de Gracias de sus padres. Un superhéroe mutante envejecido se ve obligado a aprender humildad cuando el alcalde lo patea arriba para un trabajo de escritorio. Y en la dura alcaparra The Big Nap, un cansado detective de dos años lucha por dar sentido a un mundo enloquecido.A partes iguales tonto y sincero, New Teeth es una oda a crecer, envejecer y lo que significa hacer una familia.', 'DientesNuevos.jpg', 16),
(118, 'A lo Grande', 'Jen Spyra', 'Una novia tan desesperada por ponerse en forma para su boda que se inscribe en un nuevo tipo de programa de entrenamiento que promete la luna pero cuesta más de lo que esperaba. Un muñeco de nieve que, por deseo de un niño, cobra vida de una manera decididamente menos sabrosa que en el clásico de la infancia. Y en la historia del título, una estrella de la década de 1940 que salta en el tiempo trata de abrirse camino hacia la cima en el Hollywood moderno, a pesar de estar ridículamente despierta.\r\n\r\nEn este debut alborotador y adictivo, Jen Spyra toma una cultura que parece casi más allá de la parodia y la sostiene hasta un espejo divertido, sumergiendo al lector en un mundo de influenciadores prehistóricos, criaturas del bosque plagadas de neurosis milenarias y una fiesta de cumpleaños total determinada como la celebración más lujosa de todos los tiempos, por cualquier medio necesario.', 'ALoGrande.jpg', 26),
(119, 'Ella Hace Buenos Memes', 'Quinta Brunson', 'Quinta Brunson es una maestra del contenido viral de Internet: sin ningún fondo tradicional en los medios, sus videos humorísticos fueron los primeros en abrirse paso en la plataforma de Instagram, recibiendo millones de visitas. A partir de ahí, el POV irónicamente observador de Brunson atrajo la atención del departamento de desarrollo de películas de BuzzFeed, lo que la llevó a producir videos virales sobre temas como citas interraciales, malestar milenario y ver a tu ex en público. Ahora, Brunson está trayendo sus chuletas cómicas a la página en She Memes Well, una colección seria y risueña sobre su extraño camino hacia la notoriedad en Internet.En su colección de ensayos debut, Quinta aplica su humor y corazón característicos para discutir cómo fue pasar de la deuda de préstamos estudiantiles a un nivel de fama medio reconocible, ¿no te conozco en alguna parte?. Con anécdotas que van desde lo divertido y estrafalario, como su experiencia tratando de encontrar su peinado característico, hasta material más fundamentado sobre vivir con depresión, la voz de Brunson es completamente auténtica y eminentemente legible. Perfecto para los fanáticos de You Cant Touch My Hair de Phoebe Robinson, We Are Never Meeting in Real Life de Samantha Irby y The Misadventures of Awkward Black Girl de Issa Rae, She Memes Well encantará y entretendrá a una audiencia creciente y comprometida.', 'Memes.jpg', 24),
(120, 'Por favor, no se siente en mi cama', 'Phoebe Robinson', 'Escrita con la inolvidable voz de Phoebe y con su ingenio incomparable, la última colección de Robinson, mezclada con referencias puntuales de la cultura pop, aborda una amplia gama de temas. Desde los valores que aprendió de sus padres (incluidos, entre otros, consejos sobre no traer gérmenes externos a su cama limpia) a ella y a su novio, conocido cariñosamente como British Baekoff, decidiendo tener una unión sin hijos, hasta la forma en que el movimiento Black Lives Matter ocupó el centro del escenario en Estados Unidos y, finalmente, la lucha continua por amar su cabello 4C, cada ensayo está lleno de humor y humanidad.A su vez perspicaz, divertido y sincero, Please Dont Sit On My Bed In Your Outside Clothes no es solo una mirada brillante a nuestro momento cultural actual, sino una colección que permanecerá contigo en los próximos años.\r\n', 'PorFavor.jpg', 16),
(121, 'Proyecto Ave María', 'Andy Weir', 'Ryland Grace es el único sobreviviente en una misión desesperada y de última oportunidad, y si falla, la humanidad y la Tierra misma perecerán.\r\n\r\nExcepto que en este momento, él no lo sabe. Ni siquiera puede recordar su propio nombre, y mucho menos la naturaleza de su asignación o cómo completarla.\r\n\r\nTodo lo que sabe es que ha estado dormido durante mucho, mucho tiempo. Y acaba de despertarse para encontrarse a millones de kilómetros de casa, con nada más que dos cadáveres para compañía.\r\n\r\nSus compañeros de tripulación muertos, sus recuerdos regresan borrosamente, se da cuenta de que una tarea imposible ahora lo enfrenta. Solo en esta pequeña nave que ha sido improvisada por todos los gobiernos y agencias espaciales del planeta y arrojada a las profundidades del espacio, depende de él conquistar una amenaza de extinción para nuestra especie.', 'ProyectoAve.jpg', 8),
(122, 'Klara y el Sol', 'Kazuo Ishiguro', 'Desde su lugar en la tienda, Klara, una Amiga Artificial con cualidades observacionales sobresalientes, observa cuidadosamente el comportamiento de aquellos que entran a navegar y de aquellos que pasan por la calle afuera. Ella mantiene la esperanza de que un cliente pronto la elija, pero cuando surge la posibilidad de que sus circunstancias puedan cambiar para siempre, klara es advertida de no invertir demasiado en las promesas de los humanos.\r\n\r\nEn Klara y el Sol, Kazuo Ishiguro mira nuestro mundo moderno que cambia rápidamente a través de los ojos de un narrador inolvidable para explorar una pregunta fundamental: ¿qué significa amar?', 'KlaraSol.jpg', 12),
(123, 'Luz de los Jedi', 'Charles Soule', 'Es una edad de oro. Los intrépidos exploradores hiperespaciales expanden el alcance de la República a las estrellas más lejanas, los mundos florecen bajo el benevolente liderazgo del Senado y reina la paz, impuesta por la sabiduría y la fuerza de la renombrada orden de usuarios de la Fuerza conocida como los Jedi. Con los Jedi en el apogeo de su poder, los ciudadanos libres de la galaxia confían en su capacidad para capear cualquier tormenta.\r\n\r\nCuando una impactante catástrofe en el hiperespacio desgarra una nave en pedazos, la ráfaga de metralla que emerge del desastre amenaza a todo un sistema. Tan pronto como sale la llamada de ayuda, los Jedi corren a la escena. El alcance de la emergencia, sin embargo, es suficiente para empujar incluso a los Jedi a su límite. A medida que el cielo se abre y la destrucción llueve sobre la alianza pacífica que ayudaron a construir, los Jedi deben confiar en la Fuerza para verlos a través de un día en el que un solo error podría costar miles de millones de vidas.\r\n\r\nIncluso mientras los Jedi luchan valientemente contra la calamidad, algo verdaderamente mortal crece más allá de los límites de la República. El desastre hiperespacial es mucho más siniestro de lo que los Jedi podrían sospechar. Una amenaza se esconde en la oscuridad, lejos de la luz de la época, y alberga un secreto que podría infundir miedo incluso en el corazón de un Jedi.', 'LuzJedi.jpg', 16),
(124, 'La esposa de Echo', 'Sarah Gailey', 'Martine es una réplica genéticamente clonada hecha a partir de la galardonada investigación de Evelyn Caldwell. Es paciente, gentil y obediente. Ella es todo lo que Evelyn juró que nunca sería.\r\n\r\nY ella está teniendo una aventura con el esposo de Evelyn.\r\n\r\nAhora, el bastardo infiel está muerto, y ambas esposas de Caldwell tienen un desastre que limpiar.\r\n\r\nMenos mal que Evelyn Caldwell está acostumbrada a ensuciarse las manos.', 'EsposaEcho.jpg', 22),
(125, 'Telemetría fugitiva', 'Martha Wells', 'Cuando Murderbot descubre un cadáver en preservation Station, sabe que tendrá que ayudar a la seguridad de la estación a determinar quién es (era) el cuerpo, cómo fueron asesinados (eso debería ser relativamente sencillo, al menos) y por qué (porque aparentemente eso es importante para mucha gente, ¿quién lo sabía?)\r\n\r\nSí, lo impensable está a punto de suceder: ¡Murderbot debe hablar voluntariamente con los humanos!', 'Fugitiva.jpg', 24),
(126, 'Órbita del invierno', 'Everina Maxwell', 'Mientras que el Imperio Iskat ha dominado durante mucho tiempo el sistema a través de tratados y alianzas políticas, varios planetas, incluido Thea, han comenzado a irritarse bajo el gobierno de Iskat. Cuando la tragedia cae sobre el príncipe imperial Taam, su viudo Thean, Jainan, se apresura a un matrimonio arreglado con el primo de Taam, el de mala reputación Kiem, en un intento por mantener las crecientes hostilidades entre los dos mundos bajo control.\r\n\r\nPero cuando sale a la luz que la muerte del Príncipe Taam puede no haber sido un accidente, y que el propio Jainan puede ser un sospechoso, la improbable pareja debe superar sus dudas y aprender a confiar el uno en el otro mientras navegan por los peligros de la corte Iskat, intentan resolver un asesinato y evitar una guerra interplanetaria ... todo mientras lidian con sus crecientes sentimientos el uno por el otro.', 'Invierno.jpg', 8),
(127, 'El fin de los hombres', ' Christina Sweeney-Baird', 'El año es 2025, y un misterioso virus ha estallado en Escocia, una enfermedad letal que parece afectar solo a los hombres. Cuando la Dra. Amanda MacLean informa de este fenómeno, es descartada como histérica. Para cuando se escucha su advertencia, ya es demasiado tarde. El virus se convierte en una pandemia mundial y política. Las víctimas son todos hombres. El mundo se vuelve extraño, un mundo de mujeres.\r\n\r\nLo que sigue es el relato inmersivo de las mujeres que han tenido que lidiar con las consecuencias del virus, contadas a través de narraciones en primera persona. Dr. MacLean; Catherine, una historiadora social decidida a documentar las historias humanas detrás de la \"plaga masculina\"; la analista de inteligencia Dawn, encargada de ayudar al gobierno a forjar una nueva sociedad; y Elizabeth, una de las muchas científicas que trabajan desesperadamente para desarrollar una vacuna. A través de estas mujeres y otras, vemos las innumerables formas en que la ausencia de hombres ha cambiado la sociedad, desde lo personal, la pérdida de maridos e hijos, hasta lo político, los cambios en la fuerza laboral, la fertilidad y el significado de la familia.', 'FinDeHombres.jpg', 26),
(128, 'Control remoto', 'Nnedi Okorafor', 'El día que Fátima olvidó su nombre, la Muerte hizo una visita. De aquí en adelante sería conocida como Sankofa, un nombre que no significaba nada para nadie más que para ella, el único vínculo con su familia y su pasado.\r\n\r\nSu toque es la muerte, y con una mirada un pueblo puede caer. Y camina, sola, a excepción de su compañera zorro, en busca del objeto que vino del cielo y se entregó a ella cuando cayeron los meteoros y cuando aún no había cambiado; en busca de respuestas.\r\n\r\nPero, ¿hay un propósito mayor para Sankofa, ahora que la Muerte es su compañera constante? ', 'ControlRemoto.jpg', 8),
(129, 'Luz de estrellas poco comunes', 'Ryka Aoki', 'Shizuka Satomi hizo un trato con el diablo: para escapar de la condenación, debe atraer a otros siete prodigios de violín para que intercambien sus almas por el éxito. Ya ha entregado seis.\r\n\r\nCuando Katrina Nguyen, una joven transgénero fugitiva, atrapa el oído de Shizuka con su talento salvaje, Shizuka casi puede sentir que la maldición se levanta. Ha encontrado a su candidato final.\r\n\r\nPero en una tienda de donas en una bulliciosa carretera en el Valle de San Gabriel, Shizuka conoce a Lan Tran, capitán retirado de la nave estelar, refugiado interestelar y madre de cuatro hijos. Shizuka no tiene tiempo para enamoramientos o citas de café, lo que con su alma en juego, pero la sonrisa amable de Lan y los ojos como estrellas podrían redefinir el valor de un alma. Y tal vez algo tan pequeño como una dona caliente sea lo suficientemente poderoso como para romper una maldición tan vasta como la costa de California.\r\n\r\nA medida que las vidas de estas tres mujeres se enredan por el azar y el destino, comienza una historia de magia, identidad, maldiciones y esperanza, y se encuentra una familia por la que vale la pena cruzar el universo.', 'LuzDeEstrellas.jpg', 12),
(130, 'Un salmo para los salvajes construidos', 'Becky Chambers', 'Siglos antes, los robots de Panga ganaron conciencia de sí mismos, dejaron sus herramientas, vagaron, en masa por el desierto, para nunca ser vistos de nuevo. Se desvanecieron en el mito y la leyenda urbana.\r\n\r\nAhora la vida del monje del té que cuenta esta historia se ve trastocada por la llegada de un robot, allí para honrar la vieja promesa de registrarse. El robot no puede volver atrás hasta que se responda a la pregunta de \"¿qué necesita la gente?\". Pero la respuesta a esa pregunta depende de a quién le preguntes y cómo. Tendrán que preguntarlo mucho. La serie de Chambers pregunta: en un mundo donde las personas tienen lo que quieren, ¿importa tener más?', 'SalmoSalvajes.jpg', 14),
(131, 'Conejos', 'Terry Miles', 'Es un día de trabajo promedio. Has estado envuelto en una tarea y revisas el reloj cuando sales a tomar aire, a las 4:44 pm. Vas a revisar tu correo electrónico y se han acumulado 44 mensajes no leídos. Con un shock, te das cuenta de que es el 4 de abril, 4/4. Y cuando se sube a su automóvil para conducir a casa, su odómetro lee 44,444. ¿Coincidencia? ¿O acabas de ver el borde de una madriguera de conejo?\r\n\r\nRabbits es un misterioso juego de realidad alternativa tan vasto que utiliza nuestra realidad global como su lienzo. Desde que el juego comenzó en 1959, han aparecido diez iteraciones y se han declarado nueve ganadores. Sus identidades son desconocidas. También lo es su recompensa, que se susurra como reclutamiento de la NSA o la CIA, vasta riqueza, inmortalidad o tal vez incluso la clave para desbloquear los secretos del universo mismo. Pero cuanto más profundo te vuelves, más mortal se vuelve el juego. Los jugadores han muerto en el pasado, y el recuento de cuerpos está aumentando.', 'Conejos.jpg', 20),
(132, 'Una desolación llamada paz', 'Arkady Martine', 'Una armada alienígena acecha en los bordes del espacio Teixcalaanli. Nadie puede comunicarse con él, nadie puede destruirlo, y el Capitán de la Flota Nine Hibiscus se está quedando sin opciones.\r\n\r\nEn un intento desesperado de diplomacia con los misteriosos invasores, el capitán de la flota ha enviado a un enviado diplomático. Ahora Mahit Dzmare y Three Seagrass, que aún se recuperan de la reciente agitación en el Imperio, se enfrentan a la tarea imposible de tratar de comunicarse con una entidad hostil.\r\n\r\nSi tienen éxito o fracasan podría cambiar el destino de Teixcalaan para siempre.', 'UnaPaz.jpg', 8),
(133, 'Chica Uno', 'Sara Flannery Murphy', 'osephine Morrow es Girl One, la primera de nueve \"Miracle Babies\" concebidas sin ADN masculino, criadas en una comuna experimental conocida como Homestead. Cuando un incendio sospechoso destruye la comuna y se cobra la vida de dos de los Homesteaders, las niñas restantes y sus madres se dispersan por los Estados Unidos y pierden el contacto.\r\n\r\nAños más tarde, Margaret Morrow desaparece, y Josie emprende un viaje desesperado por carretera, rastreando a sus hermanas separadas que parecen tener las llaves de la desaparición de su madre. Rastreando las pistas que Margaret dejó atrás, Josie une fuerzas con las otras Chicas, enfrentándose a aquellas que buscan erradicar su propia existencia mientras descubren secretos sobre sus orígenes y desbloquean habilidades devastadoras que nunca supieron que tenían.', 'ChicaUno.jpg', 26),
(134, 'Constanza', 'Matthew FitzSimmons', 'En un futuro próximo, los avances en la medicina y la computación cuántica hacen que la clonación humana sea una realidad. Para los ricos, engañar a la muerte es el máximo lujo. Para los militantes anticloning, es una abominación contra la naturaleza. Para la joven Constance \"Con\" DArcy, a quien su difunta tía le regaló su propio clon, es aterrador. Después de una carga mensual rutinaria de su conciencia, almacenada para esa transición inevitable, algo sale mal. Cuando Con se despierta en la clínica, son dieciocho meses después. Faltan sus recuerdos recientes. Su original, le dicen, está muerto. Si eso es cierto, ¿qué la hace eso? Los secretos de la nueva vida desorientadora de Con están profundamente enterrados. También lo son los de cómo y por qué murió. Para descubrir la verdad, Con está volviendo sobre los últimos días que puede recordar, cruzándose con un detective que es igual de curioso. En la huida, necesita a alguien en quien pueda confiar. Porque solo una cosa ha quedado clara: Con está siendo marcado por asesinato, una vez más.', 'Constanza.jpg', 16),
(135, 'El último reloj', 'J.S. Dewes', 'La división.\r\n\r\nEs el borde del universo.\r\n\r\nAhora se está derrumbando, y llevándose a todos y todo con él.\r\n\r\nLos únicos que pueden detenerlo son los Centinelas, los reclutas, exiliados y heces de los militares en consejo de guerra.\r\n\r\nEn la División, Adequin Rake, al mando del Argus, no tiene recursos, ni comunicaciones, nada, excepto los soldados que nadie quería.\r\n\r\nSon la única oportunidad de la humanidad. ', 'ElUltimoReloj.jpg', 26),
(136, 'Choque de terminación', 'Neal Stephenson', 'La nueva novela de Neal Stephenson transporta a los lectores a un mundo de futuro cercano donde el efecto invernadero ha resultado inexorablemente en una troposfera derviche giratoria de supertormentas, aumento del nivel del mar, inundaciones globales, olas de calor despiadadas y pandemias virulentas y mortales.\r\n\r\nUn hombre tiene una gran idea para revertir el calentamiento global, un plan maestro quizás mejor descrito como \"elemental\". Pero, ¿funcionará? E igual de importante, ¿cuáles son las consecuencias para el planeta y toda la humanidad en caso de que se aplique?\r\n\r\nDesde el corazón de Texas hasta el palacio real holandés en La Haya, desde los picos nevados del Himalaya hasta el soleado desierto de Chihuahua, Termination Shock reúne a un grupo dispar de personajes de diferentes culturas y continentes que lidian con las repercusiones de la vida real del calentamiento global. En última instancia, hace la pregunta: ¿Podría la cura ser peor que la enfermedad? ', 'Choque.jpg', 18),
(137, 'Appleseed', 'Matt Bell', 'En el Ohio del siglo XVIII, dos hermanos viajan a la frontera boscosa, plantando huertos de manzanas de los que planean beneficiarse en los próximos años. A medida que rehagan el desierto a su propia imagen, planeando un futuro de asentamiento y civilización, los lazos y secretos de larga data entre los dos serán probados, fracturados y rotos, y posiblemente curados.\r\n\r\nDentro de cincuenta años, en la segunda mitad del siglo XXI, el cambio climático ha devastado la Tierra. Después de haber invertido temprano en ingeniería genética y ciencia de los alimentos, una compañía ahora posee todos los recursos del mundo. Pero una creciente resistencia está trabajando para redistribuir tanto la tierra como el poder, y en un momento crucial para el futuro de la humanidad, uno de los fundadores originales de la compañía regresará a la sede, con la intención de destruir lo que ayudó a construir.', 'Appleseed.jpg', 8),
(138, 'Cortafuego', 'Nicole Kornher-Stace', 'Como todos los demás que conoce, Mallory es huérfana de la guerra corporativa. Cuando era niña, perdió a sus padres, su casa y todo su edificio en un ataque aéreo. Como adulta, vive en una habitación de hotel estrecha con otras ocho personas, todas ellas trabajando en múltiples trabajos para tratar de pagar el agua y llegar a fin de mes. Y el trabajo en el que es mejor es transmitir un popular juego de guerra de realidad virtual. Sin embargo, la mejor parte del juego no es matar combatientes enemigos, sino vislumbrar en el juego a agentes de SpecOps, supersoldados famosos cultivados y propiedad de Stellaxis, la corporación que dirige la América en la que vive.Hasta\r\n\r\nque un encuentro casual con un operativo de SpecOps en el juego lleva a Mal a un descubrimiento horrible: los operativos de la vida real no fueron creados por Stellaxis. Eran niños, como ella, que perdieron todo en la guerra, y fueron robados, aumentados y torturados para convertirse en supersoldados. El mundo los adora, pero el mundo cree una mentira.\r\n\r\nLa compañía controla cada parte de sus vidas, y desafiarlos pone todo en riesgo: su ración de agua, su sustento, su conectividad, sus amigos, su vida, pero no puede simplemente sentarse en el conocimiento. Ella tiene que hacer algo, incluso si hacer algo traerá la ira de la compañía más poderosa del mundo sobre ella.', 'Cortafuego.jpg', 16),
(139, 'Maquinaria', 'S.B. Divya', 'Welga Ramírez, guardaespaldas ejecutiva y ex fuerzas especiales, está a punto de retirarse temprano cuando su cliente es asesinado frente a ella. Es 2095 y la gente no suele morir por la violencia. La humanidad depende completamente de las píldoras que no solo les ayudan a mantenerse con vida, sino que les permiten competir con la inteligencia artificial en una economía de conciertos cada vez más competitiva. Las dosis diarias protegen contra las enfermedades de diseño, el flujo mejora el enfoque, las cremalleras y los buffs mejoran la fuerza física y la velocidad, y los juvers aceleran el proceso de curación.\r\n\r\nTodo eso cambia cuando el cliente de Welga es asesinado por The Machinehood, un nuevo y misterioso grupo terrorista que ha atacado simultáneamente a varios de los principales financiadores de píldoras. Los operativos de Machinehood parecen ser parte humano, parte máquina, algo que el mundo nunca ha visto. Emiten un ultimátum: detener toda la producción de píldoras en una semana.\r\n\r\nEl pánico global se produce a medida que la producción de píldoras se ralentiza y muchos se enferman. Miles destruyen sus bots por temor a una fuerte toma de control de la IA. Pero el gobierno de Estados Unidos cree que la Machinehood es una tapadera para un viejo enemigo. Uno que Welga está excepcionalmente calificado para luchar.', 'Maquinaria.jpg', 8),
(140, 'La Hija del Bombero', 'Angeline Boulley', 'Daunis Fontaine, de dieciocho años, nunca ha encajado del todo, tanto en su ciudad natal como en la cercana reserva ojibwe. Sueña con un nuevo comienzo en la universidad, pero cuando ocurre una tragedia familiar, Daunis pone su futuro en espera para cuidar a su frágil madre. El único punto brillante es conocer a Jamie, la encantadora nueva recluta en el equipo de hockey de su hermano Levi.\r\n\r\nSin embargo, incluso cuando Daunis se enamora de Jamie, siente que la estrella del hockey está ocultando algo. Todo sale a la luz cuando Daunis es testigo de un impactante asesinato, empujándola a una investigación del FBI de una nueva droga letal.\r\n\r\nA regañadientes, Daunis acepta ir encubierta, aprovechando su conocimiento de la química y la medicina tradicional Ojibwe para rastrear la fuente. Pero la búsqueda de la verdad es más complicada de lo que Daunis imaginó, exponiendo secretos y viejas cicatrices. Al mismo tiempo, se preocupa por una investigación que parece más centrada en castigar a los delincuentes que en proteger a las víctimas.\r\n\r\nAhora, a medida que los engaños y las muertes siguen creciendo, Daunis debe aprender lo que significa ser una anishinaabe kwe (mujer ojibwe) fuerte y hasta dónde llegará por su comunidad, incluso si destroza el único mundo que ha conocido.', 'BomberoHija.jpg', 12),
(141, 'El Antropoceno revisado', 'John Green', 'El Antropoceno es la era geológica actual, en la que la actividad humana ha moldeado profundamente el planeta y su biodiversidad. En esta notable sinfonía de ensayos adaptados y ampliados de su innovador y aclamado podcast, John Green revisa diferentes facetas del planeta centrado en el ser humano, desde el teclado QWERTY y el cometa Halley hasta Penguins of Madagascar, en una escala de cinco estrellas.\r\n\r\nComplejas y ricas en detalles, las reseñas del Antropoceno han sido elogiadas como \"observaciones que funcionan como ejercicios de empatía memoria\", con más de 10 millones de descargas de por vida. El don de John Green para contar historias brilla a lo largo de esta colección ingeniosamente curada sobre la experiencia humana compartida; incluye ensayos queridos junto con seis piezas completamente nuevas exclusivas del libro.', 'Antropoceno.jpg', 14),
(142, 'El libro de la comodidad', 'Matt Haig', 'El Libro de La Comodidad es la balsa salvavidas de Haig: es una colección de notas, listas e historias escritas durante un lapso de varios años que originalmente sirvieron como recordatorios suaves para el yo futuro de Haig de que las cosas no siempre son tan oscuras como parecen. Incorporando una amplia gama de fuentes de todo el mundo, historia, ciencia y sus propias experiencias, Haig ofrece calidez y tranquilidad, recordándonos que debemos reducir la velocidad y apreciar la belleza y la imprevisibilidad de la existencia.', 'Comodidad.jpg', 8);
INSERT INTO `libro` (`ID`, `Titulo`, `Autor`, `Descripcion`, `img`, `Precio`) VALUES
(143, 'Cultish: El lenguaje del fanatismo', 'Amanda Montell', 'El autor del ampliamente elogiado Wordslut analiza la ciencia social de la influencia de culto: cómo los grupos de culto desde Jonestown y Scientology hasta SoulCycle y los gurús de las redes sociales usan el lenguaje como la forma definitiva de poder.\r\n\r\n¿Qué hace que los \"cultos\" sean tan intrigantes y aterradores? ¿Qué los hace poderosos? La razón por la que muchos de nosotros nos damos un atracón de documentales de Manson por docenas y caemos por madrigueras de conejos investigando a las madres suburbanas que se han ido a QAnon es porque estamos buscando una explicación satisfactoria de lo que hace que las personas se unan y, lo que es más importante, permanezcan en grupos extremos. Secretamente queremos saber: ¿podría pasarme a mí? El argumento de Amanda Montell es que, en algún nivel, ya lo ha hecho...\r\n\r\nNuestra cultura tiende a proporcionar respuestas bastante endebles a las preguntas de influencia de culto, principalmente teniendo que ver con vagas conversaciones sobre el \"lavado de cerebro\". Pero la verdadera respuesta no tiene nada que ver con la extraña magia del control mental o Kool-Aid. En Cultish, Montell argumenta que la clave para fabricar una ideología intensa, la comunidad y las actitudes de nosotros / ellos se reduce al lenguaje. Tanto de manera positiva como sombría, el lenguaje de culto es algo que escuchamos, y por lo que estamos influenciados, todos los días.', 'Cultish.jpg', 26),
(144, '¿Qué te pasó?', 'Bruce D. Perry', '¿Alguna vez te has preguntado \"¿Por qué hice eso?\" o \"¿Por qué no puedo simplemente controlar mi comportamiento?\" Otros pueden juzgar nuestras reacciones y pensar: \"¿Qué le pasa a esa persona?\" Al cuestionar nuestras emociones, es fácil culparnos a nosotros mismos; manteniéndonos a nosotros mismos y a los que nos rodean a un nivel imposible. Es hora de que empecemos a hacer una pregunta diferente.\r\n\r\nA través de conversaciones profundamente personales, Oprah Winfrey y el renombrado experto en cerebro y trauma Dr. Bruce Perry ofrecen un cambio innovador y profundo de preguntar \"¿Qué te pasa?\" a \"¿Qué te pasó?\"\r\n\r\nAquí, Winfrey comparte historias de su propio pasado, entendiendo a través de la experiencia la vulnerabilidad que proviene de enfrentar el trauma y la adversidad a una edad temprana. En la conversación a lo largo del libro, ella y el Dr. Perry se enfocan en comprender a las personas, el comportamiento y a nosotros mismos. Es un cambio sutil pero profundo en nuestro enfoque del trauma, y es uno que nos permite comprender nuestro pasado para despejar un camino hacia nuestro futuro, abriendo la puerta a la resiliencia y la curación de una manera probada y poderosa.', 'QueTePaso.jpg', 24),
(145, 'Mediocre', 'Ijeoma Oluo', 'En esta ambiciosa encuesta del último siglo de la historia estadounidense, Oluo responde a esa pregunta al identificar los esfuerzos deliberados de los hombres blancos para subvertir a las mujeres, las personas de color y los marginados. A través de investigaciones, entrevistas y la poderosa escritura personal por la que es celebrada, Oluo investiga la historia de fondo del crecimiento de Estados Unidos, desde la migración de inmigrantes hasta nuestro ethos nacional en torno al ingenio, desde la configuración de la política económica hasta la protección de los movimientos sociopolíticos que fortalecen el poder masculino. Al final, muestra cómo los hombres blancos han mantenido durante mucho tiempo un dominio absoluto sobre el liderazgo y han socavado gravemente la búsqueda de la felicidad para todos.', 'Mediocre.jpg', 12),
(146, 'Piénsalo de nuevo', 'Adam M. Grant', 'La nueva evidencia nos muestra que como una mentalidad y un conjunto de habilidades, se puede enseñar a repensar y Grant explica cómo desarrollar las cualidades necesarias para hacerlo. La Sección 1 explora por qué luchamos por pensar de nuevo y cómo podemos aprender a hacerlo como individuos, argumentando que la \"determinación\" por sí sola puede ser contraproducente. La Sección 2 discute cómo podemos ayudar a otros a pensar de nuevo a través del aprendizaje sobre la \"alfabetización de argumentos\". Y la sección final 3 analiza cómo las escuelas, las empresas y los gobiernos se quedan cortos en la construcción de culturas que fomenten el replanteamiento.\r\n\r\nAl final, aprender a repensar puede ser la habilidad secreta para darte la ventaja en un mundo que cambia más rápido que nunca.', 'Piensalo.jpg', 26),
(147, 'Fuzz: Cuando la naturaleza rompe la ley', 'María Roach', '¿Qué se debe hacer con un alce que camina sin rumbo? ¿Un oso atrapado rompiendo y entrando? ¿Un árbol asesino? Hace trescientos años, a los animales que violaban la ley se les asignaba representación legal y se los juzgaba. Las respuestas se encuentran mejor no en la jurisprudencia sino en la ciencia: la curiosa ciencia del conflicto entre humanos y vida silvestre, una disciplina en la encrucijada del comportamiento humano y la biología de la vida silvestre.\r\n\r\nEtiquetas de cucarachas junto con investigadores forenses de ataques de animales, especialistas en conflictos entre humanos y elefantes, gerentes de osos y blasters de caídas de \"árboles peligrosos\". Intrépida como siempre, viaja desde las aldeas aterrorizadas por los leopardos en el Himalaya indio hasta la Plaza de San Pedro en las primeras horas antes de que el Papa llegue para la Misa de Pascua, cuando las gaviotas vandálicas se abalanzan para destruir la elaborada exhibición floral. Ella prueba el cebo para ratas, aprende a instalar una efigie de buitre y es asaltada por un macaco.', 'Fuzz.jpg', 16),
(148, 'Última Llamada', 'Elon Green', 'La apasionante historia real, contada aquí por primera vez, del Asesino de la Última Llamada y la comunidad gay de la ciudad de Nueva York de la que se aprovechó.\r\n\r\nThe Townhouse Bar, midtown, julio de 1992: El pianista parece conocer cada canción que se ha escrito, la multitud canta la letra de sus favoritas, y un hombre parado cerca está bebiendo un whisky escocés y agua. El hombre golpea al pianista como olvidable.\r\n\r\nSe ve soso y discreto. No es en absoluto lo que crees que es un asesino en serie. Pero eso es lo que es, y esta noche, tiene la vista puesta en un hombre de cabello gris. No será su primera víctima.\r\n\r\nTampoco será el último.\r\n\r\nThe Last Call Killer se aprovechó de los hombres homosexuales en Nueva York en los años 80 y 90 y tenía todas las características de los asesinos en serie más notorios. Sin embargo, debido a la sexualidad de sus víctimas, las altas tasas de homicidios y la epidemia de SIDA, sus asesinatos han sido casi completamente olvidados.', 'UltimaLlamada.jpg', 12),
(149, 'Cómo evitar un desastre climático', 'Bill Gates', 'Bill Gates ha pasado una década investigando las causas y los efectos del cambio climático. Con la ayuda de expertos en los campos de la física, la química, la biología, la ingeniería, las ciencias políticas y las finanzas, se ha centrado en lo que se debe hacer para detener el deslizamiento del planeta hacia ciertos desastres ambientales. En este libro, no solo explica por qué necesitamos trabajar hacia cero emisiones netas de gases de efecto invernadero, sino que también detalla lo que debemos hacer para lograr este objetivo profundamente importante.\r\n\r\nÉl nos da una descripción clara de los desafíos que enfrentamos. Basándose en su comprensión de la innovación y lo que se necesita para obtener nuevas ideas en el mercado, describe las áreas en las que la tecnología ya está ayudando a reducir las emisiones, dónde y cómo se puede hacer que la tecnología actual funcione de manera más efectiva, dónde se necesitan tecnologías innovadoras y quién está trabajando en estas innovaciones esenciales. Finalmente, presenta un plan concreto y práctico para lograr el objetivo de cero emisiones, sugiriendo no solo las políticas que los gobiernos deberían adoptar, sino lo que nosotros, como individuos, podemos hacer para mantener a nuestro gobierno, a nuestros empleadores y a nosotros mismos responsables en esta empresa crucial.', 'DesastreClimatico.jpg', 24),
(150, 'Esta es tu mente sobre las plantas', 'Michael Pollan', 'En This Is Your Mind on Plants, Michael Pollan se sumerge profundamente en tres drogas vegetales: opio, cafeína y mescalina, y arroja la extrañeza fundamental, y la arbitrariedad, de nuestro pensamiento sobre ellas en un relieve agudo. Explorando y participando en las culturas que han crecido alrededor de estas drogas mientras las consume (o, en el caso de la cafeína, trata de no consumirlas), Pollan reconoce la poderosa atracción humana por las plantas psicoactivas. ¿Por qué hacemos todo lo posible para buscar estos cambios en la conciencia, y luego por qué cercamos ese deseo universal con leyes, costumbres y sentimientos tensos?', 'MentePlantas.jpg', 8),
(151, 'Recuerda', 'Lisa Genova', 'Una fascinante exploración de las complejidades de cómo recordamos, por qué olvidamos y qué podemos hacer para proteger nuestros recuerdos, del neurocientífico entrenado en Harvard y autor de bestsellers de Still Alice.\r\n\r\n¿Alguna vez has sentido una ola aplastante de pánico cuando no puedes por la vida recordar el nombre de ese actor en la película que viste la semana pasada, o entras en una habitación solo para olvidar por qué fuiste allí en primer lugar? Si tienes más de cuarenta años, probablemente no te estés riendo. Incluso podría estar preocupado de que estos lapsos en la memoria puedan ser un signo temprano de Alzheimer o demencia. En realidad, para la gran mayoría de nosotros, estos ejemplos de olvido son completamente normales. ¿Por qué? Porque si bien la memoria es increíble, está lejos de ser perfecta. Nuestros cerebros no están diseñados para recordar cada nombre que escuchamos, planificamos o experimentamos. El hecho de que su memoria a veces falle no significa que esté rota o sucumbiendo a la enfermedad. Olvidar es en realidad parte del ser humano.', 'Recuerda.jpg', 16),
(152, 'Un baño en un estanque bajo la lluvia', 'George Saunders', 'Durante los últimos veinte años, George Saunders ha estado enseñando una clase sobre el cuento ruso a sus estudiantes de MFA en la Universidad de Syracuse. En A Swim in a Pond in the Rain, comparte una versión de esa clase con nosotros, ofreciendo algo de lo que él y sus estudiantes han descubierto juntos a lo largo de los años. Junto con historias cortas icónicas de Chéjov, Turguénev, Tolstói y Gógol, los siete ensayos de este libro están destinados a cualquier persona interesada en cómo funciona la ficción y por qué es más relevante que nunca en estos tiempos turbulentos.\r\n\r\nEn su introducción, Saunders escribe: \"Vamos a entrar en siete modelos a escala del mundo construidos diligentemente, hechos para un propósito específico que nuestro tiempo tal vez no respalde completamente, pero que estos escritores aceptaron implícitamente como el objetivo del arte, a saber, hacer las grandes preguntas, preguntas como: ¿Cómo se supone que debemos vivir aquí? ¿Qué nos pusieron aquí para lograr? ¿Qué debemos valorar? ¿Qué es la verdad, de todos modos, y cómo podríamos reconocerla?\" Aborda las historias de manera técnica pero accesible, y a través de ellas explica cómo funciona la narrativa; por qué nos mantenemos inmersos en una historia y por qué nos resistimos a ella; y las virtudes fundamentales que un escritor debe fomentar. El proceso de escritura, nos recuerda Saunders, es un oficio técnico, pero también una forma de entrenarse para ver el mundo con nueva apertura y curiosidad.', 'UnBañoEstanque.jpg', 20),
(153, 'La Premonición', 'Michael Lewis', 'Afortunadamente, seguimos siendo una nación de escépticos. Afortunadamente, hay algunos entre nosotros que estudian las pandemias y están dispuestos a mirar inquebrantablemente los peores escenarios. El tenso y brillante thriller de no ficción de Michael Lewis enfrenta a una banda de visionarios médicos contra el muro de la ignorancia que fue la respuesta oficial de la administración Trump al brote de COVID-19.\r\n\r\nLos personajes que conocerás en estas páginas son tan fascinantes como inesperados. El proyecto científico de una niña de trece años sobre la transmisión de un patógeno en el aire se convierte en un modelo muy adulto de control de enfermedades. Un oficial de salud pública local usa su vista de ojo de gusano para ver lo que los CDC se pierden y revela grandes verdades sobre la sociedad estadounidense. Un equipo secreto de médicos disidentes, apodados los Wolverines, tiene todo lo necesario para combatir la pandemia: antecedentes brillantes, laboratorios de clase mundial, experiencia previa con los sustos pandémicos de la gripe aviar y la gripe porcina ... todo, es decir, excepto el permiso oficial para implementar su trabajo.', 'Premonicion.jpg', 18),
(154, 'La suma de nosotros', 'Heather McGhee', 'La especialidad de Heather McGhee es la economía estadounidense, y el misterio de por qué tan a menudo falla al público estadounidense. Desde la crisis financiera hasta el aumento de la deuda estudiantil y el colapso de la infraestructura pública, encontró un problema de raíz común: el racismo. Pero no solo en las indignidades más obvias para las personas de color. El racismo también tiene costos para los blancos. Es el denominador común de nuestros problemas públicos más irritantes, la disfunción central de nuestra democracia y constitutiva de las crisis espirituales y morales que nos atenazan a todos. Pero, ¿cómo sucedió esto? ¿Y hay una salida?\r\n\r\nMcGhee se embarca en un viaje profundamente personal a través del país desde Maine hasta Mississippi y California, contando lo que perdemos cuando compramos el paradigma de suma cero: la idea de que el progreso para algunos de nosotros debe venir a expensas de otros. En el camino, conoce a personas blancas que le confían la pérdida de sus hogares, sus sueños y su oportunidad de mejores trabajos por la mezcla tóxica del racismo y la codicia estadounidenses. Esta es la historia de cómo los bienes públicos en este país, desde parques y piscinas hasta escuelas en funcionamiento, se han convertido en lujos privados; de cómo colapsaron los sindicatos, los salarios se estancaron y la desigualdad aumentó; y de cómo este país, único entre las economías avanzadas del mundo, ha frustrado la atención médica universal.', 'SumaNosotros.jpg', 16),
(155, 'El Cosmos desordenado', 'Chanda Prescod-Weinstein', 'De un físico teórico estelar, un viaje al mundo de la física de partículas y el cosmos, y un llamado a una práctica más justa de la ciencia.\r\n\r\nChanda Prescod-Weinstein comparte su amor por la física, desde el Modelo Estándar de Física de Partículas y lo que hay más allá de él, hasta la física de la melanina en la piel, hasta las últimas teorías de la materia oscura, todo con un nuevo giro informado por la historia, la política y la sabiduría de Star Trek.\r\n\r\nChanda Prescod-Weinstein es también una de las menos cien mujeres negras estadounidenses en obtener un doctorado de un departamento de física. Su visión del cosmos es vibrante, boyantemente no tradicional y se basa en las tradiciones feministas negras.\r\n\r\nPrescod-Weinstein nos insta a reconocer cómo la ciencia, como la mayoría de los campos, está plagada de racismo, sexismo y otros sistemas deshumanizantes. Ella presenta un nuevo enfoque audaz de la ciencia y la sociedad que comienza con la creencia de que todos tenemos el derecho fundamental de conocer y amar el cielo nocturno. El Cosmos Desordenado sueña con la existencia de un mundo que permita a todos aprovechar la riqueza de conocimiento de la humanidad sobre las maravillas del universo.', 'CosmosDesordenado.jpg', 8),
(156, 'Un pequeño diablo en América', 'Hanif Abdurraqib', 'En la Marcha sobre Washington en 1963, Josephine Baker tenía cincuenta y siete años, mucho más allá de sus días más prolíficos. Pero en su discurso estaba de humor para considerar su vida, su legado, su partida del país al que ahora regresaba triunfalmente. \"Yo era un diablo en otros países, y yo también era un pequeño diablo en Estados Unidos\", dijo a la multitud. Inspirado por estas pocas palabras, Hanif Abdurraqib ha escrito una reflexión profunda y duradera sobre cómo la actuación negra está inextricablemente entretejida en el tejido de la cultura estadounidense. Cada momento en cada actuación que examina, ya sean los veintisiete segundos en \"Gimme Shelter\" en los que Merry Clayton llora las palabras \"violación, asesinato\", una pelea a puñetazos en el patio de la escuela, un maratón de baile o el instante en un juego de espadas justo después de que se reparten las cartas, tiene capas de resonancia en las culturas blancas y negras, la política del imperio estadounidense, y la propia historia personal de amor, dolor y rendimiento de Abdurraqib.\r\n\r\nAbdurraqib escribe una prosa llena de júbilo y dolor, impregnada del lirismo y el ritmo de los músicos que ama. Con cuidado y generosidad, explica la conmovedora actuación grande y pequeña, cada una sintiéndose intensamente familiar y vital, atemporal y desesperadamente urgente.', 'AmericaDemonio.jpg', 12),
(157, 'Charla', 'Ethan Kross', 'Dile a un extraño que hablas contigo mismo, y es probable que te descarten como excéntrico. Pero la verdad es que todos tenemos una voz en nuestra cabeza. Cuando hablamos con nosotros mismos, a menudo esperamos aprovechar nuestro entrenador interno, pero en su lugar encontramos a nuestro crítico interno. Cuando nos enfrentamos a una tarea difícil, nuestro entrenador interno puede animarnos: Concéntrate, puedes hacer esto. Pero, con la misma frecuencia, nuestro crítico interno nos hunde por completo: voy a fracasar. Todos se reirán de mí. ¿De qué sirve?\r\n\r\nEn Chatter, el aclamado psicólogo Ethan Kross explora las conversaciones silenciosas que tenemos con nosotros mismos. Entrelazando investigaciones innovadoras sobre el comportamiento y el cerebro de su propio laboratorio con estudios de casos del mundo real, desde un lanzador que olvida cómo lanzar, hasta un estudiante de Harvard que negocia su doble vida como espía, Kross explica cómo estas conversaciones dan forma a nuestras vidas, trabajo y relaciones. Advierte que ceder al diálogo interno negativo y desorientador, lo que él llama \"charla\", puede hundir nuestra salud, hundir nuestros estados de ánimo, tensar nuestras conexiones sociales y hacer que nos plieguemos bajo presión.', 'Charla.jpg', 26),
(158, 'Paraíso', 'Lizzie Johnson', 'A medida que se desarrolla la crisis climática El 8 de noviembre de 2018, la gente de Paradise, California, se despertó con un cielo gris moteado y vientos racheados. Pronto el Camp Fire estaba sobre ellos, devorando un acre por segundo. Menos de dos horas después de que se encendió, los residentes quedaron atrapados en las llamas, incinerados en sus casas y automóviles. A la mañana siguiente, ochenta y cinco personas habían muerto.\r\n\r\nLa reportera del San Francisco Chronicle Lizzie Johnson estaba allí mientras la ciudad de Paradise ardía. Vio los escombros humeantes de un histórico puente cubierto y el amado Black Bear Diner, y se quedó mucho tiempo después, visitando refugios, hoteles y campamentos improvisados. Basándose en años de informes sobre el terreno y montones de registros públicos, incluidas llamadas al 911 y testimonios de una investigación del gran jurado, Johnson proporciona un relato minuto a minuto del Camp Fire, siguiendo a los residentes y socorristas mientras luchan por salvarse a sí mismos y a su ciudad. Vemos a una joven madre huyendo con su recién nacido; un autobús escolar lleno de niños en busca de una vía de escape; y un grupo de paramédicos, pacientes y enfermeras atrapados en un callejón sin salida, defendiéndose del fuego con rastrillos y mangueras.', 'Paraiso.jpg', 16),
(159, 'Bajo un cielo blanco', 'Elizabeth Kolbert', 'En Bajo un cielo Blanco, Elizabeth Kolbert echa un vistazo al nuevo mundo que estamos creando. En el camino, se encuentra con biólogos que están tratando de preservar el pez más raro del mundo, que vive en una sola piscina diminuta en medio del Mojave; ingenieros que están convirtiendo las emisiones de carbono en piedra en Islandia; Investigadores australianos que están tratando de desarrollar un súper coral que pueda sobrevivir en un globo terráqueo más caliente; y físicos que están contemplando disparar pequeños diamantes a la estratosfera para enfriar la tierra.\r\n\r\nUna forma de ver la civilización humana, dice Kolbert, es como un ejercicio de diez mil años para desafiar a la naturaleza. En La Sexta Extinción, exploró las formas en que nuestra capacidad de destrucción ha remodelado el mundo natural. Ahora examina cómo el mismo tipo de intervenciones que han puesto en peligro nuestro planeta se ven cada vez más como la única esperanza para su salvación.', 'CieloBlanco.jpg', 18),
(160, 'El Libro de la Esperanza', 'Jane Goodall', 'En un mundo que parece tan turbulento, ¿cómo nos aferramos a la esperanza?\r\n\r\nMirando los titulares - una pandemia global, el empeoramiento de la crisis climática, la agitación política - puede ser difícil sentirse optimista. Y, sin embargo, la esperanza nunca ha sido tan desesperadamente necesaria.\r\n\r\nEn este libro urgente, Jane Goodall, la naturalista viva más famosa del mundo y Doug Abrams, autor de éxito internacional, exploran, a través de un diálogo íntimo y estimulante, uno de los elementos más buscados y menos comprendidos de la naturaleza humana: la esperanza. En El libro de la esperanza, Jane se centra en sus \"Cuatro razones para la esperanza\": El asombroso intelecto humano, La resiliencia de la naturaleza, El poder de los jóvenes y El espíritu humano indomable.\r\n\r\nContado a través de historias de una carrera notable y una investigación fascinante, The Book of Hope toca preguntas vitales que incluyen: ¿Cómo mantenemos la esperanza cuando todo parece desesperado? ¿Cómo cultivamos la esperanza en nuestros hijos? Lleno de diálogos atractivos e imágenes de la carrera histórica de Jane, The Book of Hope es una conversación profundamente personal con una de las figuras más queridas del mundo de hoy.', 'LibroEsperanza.jpg', 8);

-- --------------------------------------------------------

--
-- Estructura de tabla para la tabla `orders`
--

CREATE TABLE `orders` (
  `id` int(11) NOT NULL,
  `customer_id` int(11) NOT NULL,
  `grand_total` float(10,2) NOT NULL,
  `created` datetime NOT NULL,
  `modified` datetime NOT NULL,
  `status` enum('1','0') CHARACTER SET utf8 COLLATE utf8_unicode_ci NOT NULL DEFAULT '1' COMMENT '1=Active | 0=Inactive'
) ENGINE=InnoDB DEFAULT CHARSET=utf8;

-- --------------------------------------------------------

--
-- Estructura de tabla para la tabla `order_items`
--

CREATE TABLE `order_items` (
  `id` int(11) NOT NULL,
  `order_id` int(11) NOT NULL,
  `product_id` int(11) NOT NULL,
  `quantity` int(5) NOT NULL,
  `sub_total` float(10,2) NOT NULL
) ENGINE=InnoDB DEFAULT CHARSET=utf8;

-- --------------------------------------------------------

--
-- Estructura de tabla para la tabla `usuario`
--

CREATE TABLE `usuario` (
  `Email` varchar(50) NOT NULL,
  `Contraseña` varchar(70) NOT NULL,
  `verification_key` varchar(250) NOT NULL,
  `is_email_verified` enum('no','yes') NOT NULL,
  `Nombre` varchar(30) NOT NULL,
  `ID` int(11) NOT NULL
) ENGINE=InnoDB DEFAULT CHARSET=utf8;

--
-- Volcado de datos para la tabla `usuario`
--

INSERT INTO `usuario` (`Email`, `Contraseña`, `verification_key`, `is_email_verified`, `Nombre`, `ID`) VALUES
('simonvillalon10@gmail.com', 'VgpWMlc5VGIDMAEgBzEEJQI+AzhZbFVhUGI=', 'ab44912fa0d30a26daa918a263028e46', 'yes', 'Saimon231', 1),
('hgjkghjkhgjkh@gmail.com', 'BzpSZVBjB2Y=', '96109e4b094c0cfd5b7d85516ac24532', 'no', '2123412342134qwerdsafdsfa', 19),
('aasdfsdfasd@gmail.com', 'ATwDNFFiUjM=', 'd16b6d773fe9fe3d227933e0e58baadb', 'no', '1324123413', 20),
('dairaceballos2345@gmail.com', 'BGxUMAZvDilUZwEwWmwAMVVnB2JQOQJoDHgHZFNjBzcFOlcy', '4e749467ce872295107ba06fdeca2bdd', 'no', 'daiceballos', 21),
('dasdsa@gmail.com', 'Az4=', '9a7244857cb79629eb2be21063404148', 'yes', 'PADPASDPSA', 22),
('simonvillalon2@gmail.com', 'BDk=', '8de0f6e3bbb987922f2cb5e63b36a7e3', 'no', 'ssa', 23),
('simonvillalon9@gmail.com', 'DVFVMQJsDjgOPVNyATcBIAY6Vm5XZw==', '3a47304aa482c11aea206eef407eebcc', 'yes', 'Simonsin', 24),
('fakondelgado@gmail.com', 'VwsDZwNtDzkFNlNyVGJae1NvCTEDMw==', '3dce3d6359288a975ec8d475e76eaf37', 'yes', 'Enzo Delgado', 25);

-- --------------------------------------------------------

--
-- Estructura de tabla para la tabla `valoracion`
--

CREATE TABLE `valoracion` (
  `ID` int(11) NOT NULL,
  `IDLibro` int(11) NOT NULL,
  `IDUsuario` int(11) NOT NULL,
  `Valoracion` int(11) NOT NULL
) ENGINE=InnoDB DEFAULT CHARSET=utf8;

--
-- Volcado de datos para la tabla `valoracion`
--

INSERT INTO `valoracion` (`ID`, `IDLibro`, `IDUsuario`, `Valoracion`) VALUES
(5, 1, 22, 3),
(9, 2, 1, 4),
(10, 1, 19, 5),
(11, 1, 1, 5),
(12, 43, 1, 4),
(13, 43, 22, 3),
(14, 139, 1, 5),
(15, 122, 1, 4),
(16, 44, 1, 2),
(17, 1, 25, 5);

--
-- Índices para tablas volcadas
--

--
-- Indices de la tabla `categoria`
--
ALTER TABLE `categoria`
  ADD PRIMARY KEY (`ID`);

--
-- Indices de la tabla `categorialibro`
--
ALTER TABLE `categorialibro`
  ADD PRIMARY KEY (`ID`),
  ADD KEY `IDCategoria` (`IDCategoria`),
  ADD KEY `IDLibro` (`IDLibro`);

--
-- Indices de la tabla `categoriausuario`
--
ALTER TABLE `categoriausuario`
  ADD PRIMARY KEY (`ID`),
  ADD KEY `IDCategoria` (`IDCategoria`,`IDUsuario`),
  ADD KEY `IDUsuario` (`IDUsuario`);

--
-- Indices de la tabla `comentario`
--
ALTER TABLE `comentario`
  ADD PRIMARY KEY (`ID`),
  ADD KEY `IDUsuario` (`IDUsuario`,`IDLibro`),
  ADD KEY `IDLibro` (`IDLibro`);

--
-- Indices de la tabla `libro`
--
ALTER TABLE `libro`
  ADD PRIMARY KEY (`ID`);

--
-- Indices de la tabla `orders`
--
ALTER TABLE `orders`
  ADD PRIMARY KEY (`id`),
  ADD KEY `customer_id` (`customer_id`);

--
-- Indices de la tabla `order_items`
--
ALTER TABLE `order_items`
  ADD PRIMARY KEY (`id`),
  ADD KEY `order_id` (`order_id`);

--
-- Indices de la tabla `usuario`
--
ALTER TABLE `usuario`
  ADD PRIMARY KEY (`ID`);

--
-- Indices de la tabla `valoracion`
--
ALTER TABLE `valoracion`
  ADD PRIMARY KEY (`ID`),
  ADD KEY `IDLibro` (`IDLibro`,`IDUsuario`),
  ADD KEY `IDUsuario` (`IDUsuario`);

--
-- AUTO_INCREMENT de las tablas volcadas
--

--
-- AUTO_INCREMENT de la tabla `categoria`
--
ALTER TABLE `categoria`
  MODIFY `ID` int(11) NOT NULL AUTO_INCREMENT, AUTO_INCREMENT=26;

--
-- AUTO_INCREMENT de la tabla `categorialibro`
--
ALTER TABLE `categorialibro`
  MODIFY `ID` int(11) NOT NULL AUTO_INCREMENT, AUTO_INCREMENT=121;

--
-- AUTO_INCREMENT de la tabla `categoriausuario`
--
ALTER TABLE `categoriausuario`
  MODIFY `ID` int(11) NOT NULL AUTO_INCREMENT, AUTO_INCREMENT=572;

--
-- AUTO_INCREMENT de la tabla `comentario`
--
ALTER TABLE `comentario`
  MODIFY `ID` int(11) NOT NULL AUTO_INCREMENT, AUTO_INCREMENT=13;

--
-- AUTO_INCREMENT de la tabla `libro`
--
ALTER TABLE `libro`
  MODIFY `ID` int(11) NOT NULL AUTO_INCREMENT, AUTO_INCREMENT=161;

--
-- AUTO_INCREMENT de la tabla `orders`
--
ALTER TABLE `orders`
  MODIFY `id` int(11) NOT NULL AUTO_INCREMENT;

--
-- AUTO_INCREMENT de la tabla `order_items`
--
ALTER TABLE `order_items`
  MODIFY `id` int(11) NOT NULL AUTO_INCREMENT;

--
-- AUTO_INCREMENT de la tabla `usuario`
--
ALTER TABLE `usuario`
  MODIFY `ID` int(11) NOT NULL AUTO_INCREMENT, AUTO_INCREMENT=26;

--
-- AUTO_INCREMENT de la tabla `valoracion`
--
ALTER TABLE `valoracion`
  MODIFY `ID` int(11) NOT NULL AUTO_INCREMENT, AUTO_INCREMENT=18;

--
-- Restricciones para tablas volcadas
--

--
-- Filtros para la tabla `categorialibro`
--
ALTER TABLE `categorialibro`
  ADD CONSTRAINT `categorialibro_ibfk_1` FOREIGN KEY (`IDLibro`) REFERENCES `libro` (`ID`),
  ADD CONSTRAINT `categorialibro_ibfk_2` FOREIGN KEY (`IDCategoria`) REFERENCES `categoria` (`ID`);

--
-- Filtros para la tabla `categoriausuario`
--
ALTER TABLE `categoriausuario`
  ADD CONSTRAINT `categoriausuario_ibfk_1` FOREIGN KEY (`IDCategoria`) REFERENCES `categoria` (`ID`),
  ADD CONSTRAINT `categoriausuario_ibfk_2` FOREIGN KEY (`IDUsuario`) REFERENCES `usuario` (`ID`);

--
-- Filtros para la tabla `comentario`
--
ALTER TABLE `comentario`
  ADD CONSTRAINT `comentario_ibfk_1` FOREIGN KEY (`IDUsuario`) REFERENCES `usuario` (`ID`),
  ADD CONSTRAINT `comentario_ibfk_2` FOREIGN KEY (`IDLibro`) REFERENCES `libro` (`ID`);

--
-- Filtros para la tabla `orders`
--
ALTER TABLE `orders`
  ADD CONSTRAINT `orders_ibfk_1` FOREIGN KEY (`customer_id`) REFERENCES `usuario` (`ID`);

--
-- Filtros para la tabla `order_items`
--
ALTER TABLE `order_items`
  ADD CONSTRAINT `order_items_ibfk_1` FOREIGN KEY (`order_id`) REFERENCES `orders` (`id`);

--
-- Filtros para la tabla `valoracion`
--
ALTER TABLE `valoracion`
  ADD CONSTRAINT `valoracion_ibfk_1` FOREIGN KEY (`IDUsuario`) REFERENCES `usuario` (`ID`),
  ADD CONSTRAINT `valoracion_ibfk_2` FOREIGN KEY (`IDLibro`) REFERENCES `libro` (`ID`);
COMMIT;

/*!40101 SET CHARACTER_SET_CLIENT=@OLD_CHARACTER_SET_CLIENT */;
/*!40101 SET CHARACTER_SET_RESULTS=@OLD_CHARACTER_SET_RESULTS */;
/*!40101 SET COLLATION_CONNECTION=@OLD_COLLATION_CONNECTION */;
